[
  {
    "__type__": "cc.SceneAsset",
    "_name": "GameStart",
    "_objFlags": 0,
    "_rawFiles": null,
    "scene": {
      "__id__": 1
    },
    "asyncLoadAssets": false
  },
  {
    "__type__": "cc.Scene",
    "_objFlags": 0,
    "_parent": null,
    "_children": [
      {
        "__id__": 2
      },
      {
        "__id__": 66
      }
    ],
    "_tag": -1,
    "_active": true,
    "_components": [],
    "_prefab": null,
    "_id": "a3a70336-020e-48f4-98d2-c466aca003f8",
    "_opacity": 255,
    "_color": {
      "__type__": "cc.Color",
      "r": 255,
      "g": 255,
      "b": 255,
      "a": 255
    },
    "_cascadeOpacityEnabled": true,
    "_anchorPoint": {
      "__type__": "cc.Vec2",
      "x": 0,
      "y": 0
    },
    "_contentSize": {
      "__type__": "cc.Size",
      "width": 0,
      "height": 0
    },
    "_localZOrder": 0,
    "_globalZOrder": 0,
    "_opacityModifyRGB": false,
    "groupIndex": 0,
    "autoReleaseAssets": true
  },
  {
    "__type__": "cc.Node",
    "_name": "Canvas",
    "_objFlags": 0,
    "_parent": {
      "__id__": 1
    },
    "_children": [
      {
        "__id__": 3
      },
      {
        "__id__": 59
      }
    ],
    "_tag": -1,
    "_active": true,
    "_components": [
      {
        "__id__": 64
      },
      {
        "__id__": 65
      }
    ],
    "_prefab": null,
    "_id": "65z0ehg1hPiKuhw1tzQbTY",
    "_opacity": 255,
    "_color": {
      "__type__": "cc.Color",
      "r": 255,
      "g": 255,
      "b": 255,
      "a": 255
    },
    "_cascadeOpacityEnabled": true,
    "_anchorPoint": {
      "__type__": "cc.Vec2",
      "x": 0.5,
      "y": 0.5
    },
    "_contentSize": {
      "__type__": "cc.Size",
      "width": 2048,
      "height": 1536
    },
    "_rotationX": 0,
    "_rotationY": 0,
    "_scaleX": 1,
    "_scaleY": 1,
    "_position": {
      "__type__": "cc.Vec2",
      "x": 1024,
      "y": 768
    },
    "_skewX": 0,
    "_skewY": 0,
    "_localZOrder": 0,
    "_globalZOrder": 0,
    "_opacityModifyRGB": false,
    "groupIndex": 0
  },
  {
    "__type__": "cc.Node",
    "_name": "lets listen",
    "_objFlags": 0,
    "_parent": {
      "__id__": 2
    },
    "_children": [
      {
        "__id__": 4
      },
      {
        "__id__": 7
      },
      {
        "__id__": 49
      }
    ],
    "_tag": -1,
    "_active": true,
    "_components": [],
    "_prefab": {
      "__id__": 58
    },
    "_id": "6bR3+ySn1HcLEhPTPB2Goo",
    "_opacity": 255,
    "_color": {
      "__type__": "cc.Color",
      "r": 255,
      "g": 255,
      "b": 255,
      "a": 255
    },
    "_cascadeOpacityEnabled": true,
    "_anchorPoint": {
      "__type__": "cc.Vec2",
      "x": 0.5,
      "y": 0.5
    },
    "_contentSize": {
      "__type__": "cc.Size",
      "width": 0,
      "height": 0
    },
    "_rotationX": 0,
    "_rotationY": 0,
    "_scaleX": 1,
    "_scaleY": 1,
    "_position": {
      "__type__": "cc.Vec2",
      "x": 0,
      "y": 0
    },
    "_skewX": 0,
    "_skewY": 0,
    "_localZOrder": 0,
    "_globalZOrder": 0,
    "_opacityModifyRGB": false,
    "groupIndex": 0
  },
  {
    "__type__": "cc.Node",
    "_name": "LSBG",
    "_objFlags": 0,
    "_parent": {
      "__id__": 3
    },
    "_children": [],
    "_tag": -1,
    "_active": true,
    "_components": [
      {
        "__id__": 5
      }
    ],
    "_prefab": {
      "__id__": 6
    },
    "_id": "e7V10hFTVCv6hX7t2LtxyX",
    "_opacity": 255,
    "_color": {
      "__type__": "cc.Color",
      "r": 255,
      "g": 255,
      "b": 255,
      "a": 255
    },
    "_cascadeOpacityEnabled": true,
    "_anchorPoint": {
      "__type__": "cc.Vec2",
      "x": 0.5,
      "y": 0.5
    },
    "_contentSize": {
      "__type__": "cc.Size",
      "width": 2048,
      "height": 1536
    },
    "_rotationX": 0,
    "_rotationY": 0,
    "_scaleX": 1,
    "_scaleY": 1,
    "_position": {
      "__type__": "cc.Vec2",
      "x": 0,
      "y": 0
    },
    "_skewX": 0,
    "_skewY": 0,
    "_localZOrder": 0,
    "_globalZOrder": 0,
    "_opacityModifyRGB": false,
    "groupIndex": 0
  },
  {
    "__type__": "cc.Sprite",
    "_name": "",
    "_objFlags": 0,
    "node": {
      "__id__": 4
    },
    "_enabled": true,
    "_spriteFrame": {
      "__uuid__": "809eefac-ddbc-49a2-9dc0-64a6b36e3f43"
    },
    "_type": 0,
    "_sizeMode": 1,
    "_fillType": 0,
    "_fillCenter": {
      "__type__": "cc.Vec2",
      "x": 0,
      "y": 0
    },
    "_fillStart": 0,
    "_fillRange": 0,
    "_isTrimmedMode": true,
    "_srcBlendFactor": 770,
    "_dstBlendFactor": 771,
    "_atlas": null
  },
  {
    "__type__": "cc.PrefabInfo",
    "root": {
      "__id__": 3
    },
    "asset": {
      "__uuid__": "c54f9b8b-f556-4199-bf60-9e5f26690789"
    },
    "fileId": "71b53Pg/CpOcLG06uXUIxjf",
    "sync": false
  },
  {
    "__type__": "cc.Node",
    "_name": "listen",
    "_objFlags": 0,
    "_parent": {
      "__id__": 3
    },
    "_children": [
      {
        "__id__": 8
      },
      {
        "__id__": 11
      },
      {
        "__id__": 14
      },
      {
        "__id__": 17
      },
      {
        "__id__": 20
      },
      {
        "__id__": 23
      },
      {
        "__id__": 26
      },
      {
        "__id__": 29
      },
      {
        "__id__": 32
      },
      {
        "__id__": 35
      },
      {
        "__id__": 38
      },
      {
        "__id__": 41
      },
      {
        "__id__": 44
      }
    ],
    "_tag": -1,
    "_active": true,
    "_components": [
      {
        "__id__": 47
      }
    ],
    "_prefab": {
      "__id__": 48
    },
    "_id": "2ezP1ILIlNlIYIe81von6l",
    "_opacity": 255,
    "_color": {
      "__type__": "cc.Color",
      "r": 255,
      "g": 255,
      "b": 255,
      "a": 255
    },
    "_cascadeOpacityEnabled": true,
    "_anchorPoint": {
      "__type__": "cc.Vec2",
      "x": 0.5,
      "y": 0.5
    },
    "_contentSize": {
      "__type__": "cc.Size",
      "width": 0,
      "height": 0
    },
    "_rotationX": 0,
    "_rotationY": 0,
    "_scaleX": 1,
    "_scaleY": 1,
    "_position": {
      "__type__": "cc.Vec2",
      "x": 0,
      "y": 0
    },
    "_skewX": 0,
    "_skewY": 0,
    "_localZOrder": 0,
    "_globalZOrder": 0,
    "_opacityModifyRGB": false,
    "groupIndex": 0
  },
  {
    "__type__": "cc.Node",
    "_name": "fuhao10@2x",
    "_objFlags": 0,
    "_parent": {
      "__id__": 7
    },
    "_children": [],
    "_tag": -1,
    "_active": true,
    "_components": [
      {
        "__id__": 9
      }
    ],
    "_prefab": {
      "__id__": 10
    },
    "_id": "9eEkj/VQVHBLRo5a2xU6Pd",
    "_opacity": 255,
    "_color": {
      "__type__": "cc.Color",
      "r": 255,
      "g": 255,
      "b": 255,
      "a": 255
    },
    "_cascadeOpacityEnabled": true,
    "_anchorPoint": {
      "__type__": "cc.Vec2",
      "x": 0.5,
      "y": 0.5
    },
    "_contentSize": {
      "__type__": "cc.Size",
      "width": 94,
      "height": 75
    },
    "_rotationX": 0,
    "_rotationY": 0,
    "_scaleX": 1,
    "_scaleY": 1,
    "_position": {
      "__type__": "cc.Vec2",
      "x": 414,
      "y": 575
    },
    "_skewX": 0,
    "_skewY": 0,
    "_localZOrder": 0,
    "_globalZOrder": 0,
    "_opacityModifyRGB": false,
    "groupIndex": 0
  },
  {
    "__type__": "cc.Sprite",
    "_name": "",
    "_objFlags": 0,
    "node": {
      "__id__": 8
    },
    "_enabled": true,
    "_spriteFrame": {
      "__uuid__": "b1adee34-d54f-4376-a67c-ad085c23a4d0"
    },
    "_type": 0,
    "_sizeMode": 1,
    "_fillType": 0,
    "_fillCenter": {
      "__type__": "cc.Vec2",
      "x": 0,
      "y": 0
    },
    "_fillStart": 0,
    "_fillRange": 0,
    "_isTrimmedMode": true,
    "_srcBlendFactor": 770,
    "_dstBlendFactor": 771,
    "_atlas": null
  },
  {
    "__type__": "cc.PrefabInfo",
    "root": {
      "__id__": 3
    },
    "asset": {
      "__uuid__": "c54f9b8b-f556-4199-bf60-9e5f26690789"
    },
    "fileId": "09dafcVmDBHPpbqZkr9y6/A",
    "sync": false
  },
  {
    "__type__": "cc.Node",
    "_name": "fuhao11@2x",
    "_objFlags": 0,
    "_parent": {
      "__id__": 7
    },
    "_children": [],
    "_tag": -1,
    "_active": true,
    "_components": [
      {
        "__id__": 12
      }
    ],
    "_prefab": {
      "__id__": 13
    },
    "_id": "05JcKXz0NP3a64FCS156fw",
    "_opacity": 255,
    "_color": {
      "__type__": "cc.Color",
      "r": 255,
      "g": 255,
      "b": 255,
      "a": 255
    },
    "_cascadeOpacityEnabled": true,
    "_anchorPoint": {
      "__type__": "cc.Vec2",
      "x": 0.5,
      "y": 0.5
    },
    "_contentSize": {
      "__type__": "cc.Size",
      "width": 47,
      "height": 71
    },
    "_rotationX": 0,
    "_rotationY": 0,
    "_scaleX": 1,
    "_scaleY": 1,
    "_position": {
      "__type__": "cc.Vec2",
      "x": 525,
      "y": 566
    },
    "_skewX": 0,
    "_skewY": 0,
    "_localZOrder": 0,
    "_globalZOrder": 0,
    "_opacityModifyRGB": false,
    "groupIndex": 0
  },
  {
    "__type__": "cc.Sprite",
    "_name": "",
    "_objFlags": 0,
    "node": {
      "__id__": 11
    },
    "_enabled": true,
    "_spriteFrame": {
      "__uuid__": "7d76afb4-7944-481a-b022-524a569b4c29"
    },
    "_type": 0,
    "_sizeMode": 1,
    "_fillType": 0,
    "_fillCenter": {
      "__type__": "cc.Vec2",
      "x": 0,
      "y": 0
    },
    "_fillStart": 0,
    "_fillRange": 0,
    "_isTrimmedMode": true,
    "_srcBlendFactor": 770,
    "_dstBlendFactor": 771,
    "_atlas": null
  },
  {
    "__type__": "cc.PrefabInfo",
    "root": {
      "__id__": 3
    },
    "asset": {
      "__uuid__": "c54f9b8b-f556-4199-bf60-9e5f26690789"
    },
    "fileId": "1e564LIhINM7YV1e3BJ+jSy",
    "sync": false
  },
  {
    "__type__": "cc.Node",
    "_name": "fuhao12@2x",
    "_objFlags": 0,
    "_parent": {
      "__id__": 7
    },
    "_children": [],
    "_tag": -1,
    "_active": true,
    "_components": [
      {
        "__id__": 15
      }
    ],
    "_prefab": {
      "__id__": 16
    },
    "_id": "23zM92c2tFcLlb9Y8Q4Ykn",
    "_opacity": 255,
    "_color": {
      "__type__": "cc.Color",
      "r": 255,
      "g": 255,
      "b": 255,
      "a": 255
    },
    "_cascadeOpacityEnabled": true,
    "_anchorPoint": {
      "__type__": "cc.Vec2",
      "x": 0.5,
      "y": 0.5
    },
    "_contentSize": {
      "__type__": "cc.Size",
      "width": 90,
      "height": 114
    },
    "_rotationX": 0,
    "_rotationY": 0,
    "_scaleX": 1,
    "_scaleY": 1,
    "_position": {
      "__type__": "cc.Vec2",
      "x": 663,
      "y": 606
    },
    "_skewX": 0,
    "_skewY": 0,
    "_localZOrder": 0,
    "_globalZOrder": 0,
    "_opacityModifyRGB": false,
    "groupIndex": 0
  },
  {
    "__type__": "cc.Sprite",
    "_name": "",
    "_objFlags": 0,
    "node": {
      "__id__": 14
    },
    "_enabled": true,
    "_spriteFrame": {
      "__uuid__": "d7dc5a85-3ea7-482e-85ef-789af026f2a8"
    },
    "_type": 0,
    "_sizeMode": 1,
    "_fillType": 0,
    "_fillCenter": {
      "__type__": "cc.Vec2",
      "x": 0,
      "y": 0
    },
    "_fillStart": 0,
    "_fillRange": 0,
    "_isTrimmedMode": true,
    "_srcBlendFactor": 770,
    "_dstBlendFactor": 771,
    "_atlas": null
  },
  {
    "__type__": "cc.PrefabInfo",
    "root": {
      "__id__": 3
    },
    "asset": {
      "__uuid__": "c54f9b8b-f556-4199-bf60-9e5f26690789"
    },
    "fileId": "74d19nIbjRAXbqrYezYriff",
    "sync": false
  },
  {
    "__type__": "cc.Node",
    "_name": "fuhao13@2x",
    "_objFlags": 0,
    "_parent": {
      "__id__": 7
    },
    "_children": [],
    "_tag": -1,
    "_active": true,
    "_components": [
      {
        "__id__": 18
      }
    ],
    "_prefab": {
      "__id__": 19
    },
    "_id": "67h2ZieRJN+JbCnbqHjp4R",
    "_opacity": 255,
    "_color": {
      "__type__": "cc.Color",
      "r": 255,
      "g": 255,
      "b": 255,
      "a": 255
    },
    "_cascadeOpacityEnabled": true,
    "_anchorPoint": {
      "__type__": "cc.Vec2",
      "x": 0.5,
      "y": 0.5
    },
    "_contentSize": {
      "__type__": "cc.Size",
      "width": 78,
      "height": 100
    },
    "_rotationX": 0,
    "_rotationY": 0,
    "_scaleX": 1,
    "_scaleY": 1,
    "_position": {
      "__type__": "cc.Vec2",
      "x": 773,
      "y": 617
    },
    "_skewX": 0,
    "_skewY": 0,
    "_localZOrder": 0,
    "_globalZOrder": 0,
    "_opacityModifyRGB": false,
    "groupIndex": 0
  },
  {
    "__type__": "cc.Sprite",
    "_name": "",
    "_objFlags": 0,
    "node": {
      "__id__": 17
    },
    "_enabled": true,
    "_spriteFrame": {
      "__uuid__": "d323dcfc-63a3-4dee-b9ac-f46185212785"
    },
    "_type": 0,
    "_sizeMode": 1,
    "_fillType": 0,
    "_fillCenter": {
      "__type__": "cc.Vec2",
      "x": 0,
      "y": 0
    },
    "_fillStart": 0,
    "_fillRange": 0,
    "_isTrimmedMode": true,
    "_srcBlendFactor": 770,
    "_dstBlendFactor": 771,
    "_atlas": null
  },
  {
    "__type__": "cc.PrefabInfo",
    "root": {
      "__id__": 3
    },
    "asset": {
      "__uuid__": "c54f9b8b-f556-4199-bf60-9e5f26690789"
    },
    "fileId": "d9baaSn3OpCnqBEgQzbFZU3",
    "sync": false
  },
  {
    "__type__": "cc.Node",
    "_name": "fuhao1@2x",
    "_objFlags": 0,
    "_parent": {
      "__id__": 7
    },
    "_children": [],
    "_tag": -1,
    "_active": true,
    "_components": [
      {
        "__id__": 21
      }
    ],
    "_prefab": {
      "__id__": 22
    },
    "_id": "eex48FSGFENICeThzPyoVX",
    "_opacity": 255,
    "_color": {
      "__type__": "cc.Color",
      "r": 255,
      "g": 255,
      "b": 255,
      "a": 255
    },
    "_cascadeOpacityEnabled": true,
    "_anchorPoint": {
      "__type__": "cc.Vec2",
      "x": 0.5,
      "y": 0.5
    },
    "_contentSize": {
      "__type__": "cc.Size",
      "width": 144,
      "height": 126
    },
    "_rotationX": 0,
    "_rotationY": 0,
    "_scaleX": 1,
    "_scaleY": 1,
    "_position": {
      "__type__": "cc.Vec2",
      "x": -688,
      "y": 564
    },
    "_skewX": 0,
    "_skewY": 0,
    "_localZOrder": 0,
    "_globalZOrder": 0,
    "_opacityModifyRGB": false,
    "groupIndex": 0
  },
  {
    "__type__": "cc.Sprite",
    "_name": "",
    "_objFlags": 0,
    "node": {
      "__id__": 20
    },
    "_enabled": true,
    "_spriteFrame": {
      "__uuid__": "a310c9c7-d8eb-454f-b160-5dd885cbeaa4"
    },
    "_type": 0,
    "_sizeMode": 1,
    "_fillType": 0,
    "_fillCenter": {
      "__type__": "cc.Vec2",
      "x": 0,
      "y": 0
    },
    "_fillStart": 0,
    "_fillRange": 0,
    "_isTrimmedMode": true,
    "_srcBlendFactor": 770,
    "_dstBlendFactor": 771,
    "_atlas": null
  },
  {
    "__type__": "cc.PrefabInfo",
    "root": {
      "__id__": 3
    },
    "asset": {
      "__uuid__": "c54f9b8b-f556-4199-bf60-9e5f26690789"
    },
    "fileId": "6019aYBultGH6ExM/vZEhmW",
    "sync": false
  },
  {
    "__type__": "cc.Node",
    "_name": "fuhao2@2x",
    "_objFlags": 0,
    "_parent": {
      "__id__": 7
    },
    "_children": [],
    "_tag": -1,
    "_active": true,
    "_components": [
      {
        "__id__": 24
      }
    ],
    "_prefab": {
      "__id__": 25
    },
    "_id": "99eG5V81tNyaYjeo/VbHIu",
    "_opacity": 255,
    "_color": {
      "__type__": "cc.Color",
      "r": 255,
      "g": 255,
      "b": 255,
      "a": 255
    },
    "_cascadeOpacityEnabled": true,
    "_anchorPoint": {
      "__type__": "cc.Vec2",
      "x": 0.5,
      "y": 0.5
    },
    "_contentSize": {
      "__type__": "cc.Size",
      "width": 84,
      "height": 82
    },
    "_rotationX": 0,
    "_rotationY": 0,
    "_scaleX": 1,
    "_scaleY": 1,
    "_position": {
      "__type__": "cc.Vec2",
      "x": -500,
      "y": 628
    },
    "_skewX": 0,
    "_skewY": 0,
    "_localZOrder": 0,
    "_globalZOrder": 0,
    "_opacityModifyRGB": false,
    "groupIndex": 0
  },
  {
    "__type__": "cc.Sprite",
    "_name": "",
    "_objFlags": 0,
    "node": {
      "__id__": 23
    },
    "_enabled": true,
    "_spriteFrame": {
      "__uuid__": "0788af8d-fab7-42f8-b828-31bb5613ce7f"
    },
    "_type": 0,
    "_sizeMode": 1,
    "_fillType": 0,
    "_fillCenter": {
      "__type__": "cc.Vec2",
      "x": 0,
      "y": 0
    },
    "_fillStart": 0,
    "_fillRange": 0,
    "_isTrimmedMode": true,
    "_srcBlendFactor": 770,
    "_dstBlendFactor": 771,
    "_atlas": null
  },
  {
    "__type__": "cc.PrefabInfo",
    "root": {
      "__id__": 3
    },
    "asset": {
      "__uuid__": "c54f9b8b-f556-4199-bf60-9e5f26690789"
    },
    "fileId": "72490frL7NOt5AIg7nUMAy6",
    "sync": false
  },
  {
    "__type__": "cc.Node",
    "_name": "fuhao3@2x",
    "_objFlags": 0,
    "_parent": {
      "__id__": 7
    },
    "_children": [],
    "_tag": -1,
    "_active": true,
    "_components": [
      {
        "__id__": 27
      }
    ],
    "_prefab": {
      "__id__": 28
    },
    "_id": "4bsaudJ91CWo1bBYDtUBe1",
    "_opacity": 255,
    "_color": {
      "__type__": "cc.Color",
      "r": 255,
      "g": 255,
      "b": 255,
      "a": 255
    },
    "_cascadeOpacityEnabled": true,
    "_anchorPoint": {
      "__type__": "cc.Vec2",
      "x": 0.5,
      "y": 0.5
    },
    "_contentSize": {
      "__type__": "cc.Size",
      "width": 116,
      "height": 165
    },
    "_rotationX": 0,
    "_rotationY": 0,
    "_scaleX": 1,
    "_scaleY": 1,
    "_position": {
      "__type__": "cc.Vec2",
      "x": -379,
      "y": 644
    },
    "_skewX": 0,
    "_skewY": 0,
    "_localZOrder": 0,
    "_globalZOrder": 0,
    "_opacityModifyRGB": false,
    "groupIndex": 0
  },
  {
    "__type__": "cc.Sprite",
    "_name": "",
    "_objFlags": 0,
    "node": {
      "__id__": 26
    },
    "_enabled": true,
    "_spriteFrame": {
      "__uuid__": "52308121-28b7-47c2-b4b7-17b725eee195"
    },
    "_type": 0,
    "_sizeMode": 1,
    "_fillType": 0,
    "_fillCenter": {
      "__type__": "cc.Vec2",
      "x": 0,
      "y": 0
    },
    "_fillStart": 0,
    "_fillRange": 0,
    "_isTrimmedMode": true,
    "_srcBlendFactor": 770,
    "_dstBlendFactor": 771,
    "_atlas": null
  },
  {
    "__type__": "cc.PrefabInfo",
    "root": {
      "__id__": 3
    },
    "asset": {
      "__uuid__": "c54f9b8b-f556-4199-bf60-9e5f26690789"
    },
    "fileId": "4a5bfIP25pGCa6Xn8ckm8EG",
    "sync": false
  },
  {
    "__type__": "cc.Node",
    "_name": "fuhao4@2x",
    "_objFlags": 0,
    "_parent": {
      "__id__": 7
    },
    "_children": [],
    "_tag": -1,
    "_active": true,
    "_components": [
      {
        "__id__": 30
      }
    ],
    "_prefab": {
      "__id__": 31
    },
    "_id": "dfoCfZ+qdLZ6MrCLoZOqjx",
    "_opacity": 255,
    "_color": {
      "__type__": "cc.Color",
      "r": 255,
      "g": 255,
      "b": 255,
      "a": 255
    },
    "_cascadeOpacityEnabled": true,
    "_anchorPoint": {
      "__type__": "cc.Vec2",
      "x": 0.5,
      "y": 0.5
    },
    "_contentSize": {
      "__type__": "cc.Size",
      "width": 94,
      "height": 75
    },
    "_rotationX": 0,
    "_rotationY": 0,
    "_scaleX": 1,
    "_scaleY": 1,
    "_position": {
      "__type__": "cc.Vec2",
      "x": -245,
      "y": 600
    },
    "_skewX": 0,
    "_skewY": 0,
    "_localZOrder": 0,
    "_globalZOrder": 0,
    "_opacityModifyRGB": false,
    "groupIndex": 0
  },
  {
    "__type__": "cc.Sprite",
    "_name": "",
    "_objFlags": 0,
    "node": {
      "__id__": 29
    },
    "_enabled": true,
    "_spriteFrame": {
      "__uuid__": "1758601c-29ce-45de-b961-5f557a8318b4"
    },
    "_type": 0,
    "_sizeMode": 1,
    "_fillType": 0,
    "_fillCenter": {
      "__type__": "cc.Vec2",
      "x": 0,
      "y": 0
    },
    "_fillStart": 0,
    "_fillRange": 0,
    "_isTrimmedMode": true,
    "_srcBlendFactor": 770,
    "_dstBlendFactor": 771,
    "_atlas": null
  },
  {
    "__type__": "cc.PrefabInfo",
    "root": {
      "__id__": 3
    },
    "asset": {
      "__uuid__": "c54f9b8b-f556-4199-bf60-9e5f26690789"
    },
    "fileId": "b4781nCUedH9boapQM0+5/Q",
    "sync": false
  },
  {
    "__type__": "cc.Node",
    "_name": "fuhao5@2x",
    "_objFlags": 0,
    "_parent": {
      "__id__": 7
    },
    "_children": [],
    "_tag": -1,
    "_active": true,
    "_components": [
      {
        "__id__": 33
      }
    ],
    "_prefab": {
      "__id__": 34
    },
    "_id": "71ipSjduRIao8U8Qe83+ou",
    "_opacity": 255,
    "_color": {
      "__type__": "cc.Color",
      "r": 255,
      "g": 255,
      "b": 255,
      "a": 255
    },
    "_cascadeOpacityEnabled": true,
    "_anchorPoint": {
      "__type__": "cc.Vec2",
      "x": 0.5,
      "y": 0.5
    },
    "_contentSize": {
      "__type__": "cc.Size",
      "width": 73,
      "height": 121
    },
    "_rotationX": 0,
    "_rotationY": 0,
    "_scaleX": 1,
    "_scaleY": 1,
    "_position": {
      "__type__": "cc.Vec2",
      "x": -139,
      "y": 634
    },
    "_skewX": 0,
    "_skewY": 0,
    "_localZOrder": 0,
    "_globalZOrder": 0,
    "_opacityModifyRGB": false,
    "groupIndex": 0
  },
  {
    "__type__": "cc.Sprite",
    "_name": "",
    "_objFlags": 0,
    "node": {
      "__id__": 32
    },
    "_enabled": true,
    "_spriteFrame": {
      "__uuid__": "50c4962d-b4ad-4334-8222-d1d98e9f1627"
    },
    "_type": 0,
    "_sizeMode": 1,
    "_fillType": 0,
    "_fillCenter": {
      "__type__": "cc.Vec2",
      "x": 0,
      "y": 0
    },
    "_fillStart": 0,
    "_fillRange": 0,
    "_isTrimmedMode": true,
    "_srcBlendFactor": 770,
    "_dstBlendFactor": 771,
    "_atlas": null
  },
  {
    "__type__": "cc.PrefabInfo",
    "root": {
      "__id__": 3
    },
    "asset": {
      "__uuid__": "c54f9b8b-f556-4199-bf60-9e5f26690789"
    },
    "fileId": "44347BhChdFiJ2s5yUgoBL/",
    "sync": false
  },
  {
    "__type__": "cc.Node",
    "_name": "fuhao6@2x",
    "_objFlags": 0,
    "_parent": {
      "__id__": 7
    },
    "_children": [],
    "_tag": -1,
    "_active": true,
    "_components": [
      {
        "__id__": 36
      }
    ],
    "_prefab": {
      "__id__": 37
    },
    "_id": "feobZBbb9K7rlLHuMHu5bb",
    "_opacity": 255,
    "_color": {
      "__type__": "cc.Color",
      "r": 255,
      "g": 255,
      "b": 255,
      "a": 255
    },
    "_cascadeOpacityEnabled": true,
    "_anchorPoint": {
      "__type__": "cc.Vec2",
      "x": 0.5,
      "y": 0.5
    },
    "_contentSize": {
      "__type__": "cc.Size",
      "width": 68,
      "height": 60
    },
    "_rotationX": 0,
    "_rotationY": 0,
    "_scaleX": 1,
    "_scaleY": 1,
    "_position": {
      "__type__": "cc.Vec2",
      "x": -48,
      "y": 614
    },
    "_skewX": 0,
    "_skewY": 0,
    "_localZOrder": 0,
    "_globalZOrder": 0,
    "_opacityModifyRGB": false,
    "groupIndex": 0
  },
  {
    "__type__": "cc.Sprite",
    "_name": "",
    "_objFlags": 0,
    "node": {
      "__id__": 35
    },
    "_enabled": true,
    "_spriteFrame": {
      "__uuid__": "ef2dbf4e-1b79-4a09-8779-df1b5066cc63"
    },
    "_type": 0,
    "_sizeMode": 1,
    "_fillType": 0,
    "_fillCenter": {
      "__type__": "cc.Vec2",
      "x": 0,
      "y": 0
    },
    "_fillStart": 0,
    "_fillRange": 0,
    "_isTrimmedMode": true,
    "_srcBlendFactor": 770,
    "_dstBlendFactor": 771,
    "_atlas": null
  },
  {
    "__type__": "cc.PrefabInfo",
    "root": {
      "__id__": 3
    },
    "asset": {
      "__uuid__": "c54f9b8b-f556-4199-bf60-9e5f26690789"
    },
    "fileId": "ebdf5lYHBRDIZk2CnCXnOCn",
    "sync": false
  },
  {
    "__type__": "cc.Node",
    "_name": "fuhao7@2x",
    "_objFlags": 0,
    "_parent": {
      "__id__": 7
    },
    "_children": [],
    "_tag": -1,
    "_active": true,
    "_components": [
      {
        "__id__": 39
      }
    ],
    "_prefab": {
      "__id__": 40
    },
    "_id": "33uGDJ/uhMAbG1dUs30W8Z",
    "_opacity": 255,
    "_color": {
      "__type__": "cc.Color",
      "r": 255,
      "g": 255,
      "b": 255,
      "a": 255
    },
    "_cascadeOpacityEnabled": true,
    "_anchorPoint": {
      "__type__": "cc.Vec2",
      "x": 0.5,
      "y": 0.5
    },
    "_contentSize": {
      "__type__": "cc.Size",
      "width": 115,
      "height": 150
    },
    "_rotationX": 0,
    "_rotationY": 0,
    "_scaleX": 1,
    "_scaleY": 1,
    "_position": {
      "__type__": "cc.Vec2",
      "x": 64,
      "y": 622
    },
    "_skewX": 0,
    "_skewY": 0,
    "_localZOrder": 0,
    "_globalZOrder": 0,
    "_opacityModifyRGB": false,
    "groupIndex": 0
  },
  {
    "__type__": "cc.Sprite",
    "_name": "",
    "_objFlags": 0,
    "node": {
      "__id__": 38
    },
    "_enabled": true,
    "_spriteFrame": {
      "__uuid__": "62ccdd7f-aa02-4891-9e02-ff4b79f298bc"
    },
    "_type": 0,
    "_sizeMode": 1,
    "_fillType": 0,
    "_fillCenter": {
      "__type__": "cc.Vec2",
      "x": 0,
      "y": 0
    },
    "_fillStart": 0,
    "_fillRange": 0,
    "_isTrimmedMode": true,
    "_srcBlendFactor": 770,
    "_dstBlendFactor": 771,
    "_atlas": null
  },
  {
    "__type__": "cc.PrefabInfo",
    "root": {
      "__id__": 3
    },
    "asset": {
      "__uuid__": "c54f9b8b-f556-4199-bf60-9e5f26690789"
    },
    "fileId": "c8ae47UK7FEHoPQaxlpb2JO",
    "sync": false
  },
  {
    "__type__": "cc.Node",
    "_name": "fuhao8@2x",
    "_objFlags": 0,
    "_parent": {
      "__id__": 7
    },
    "_children": [],
    "_tag": -1,
    "_active": true,
    "_components": [
      {
        "__id__": 42
      }
    ],
    "_prefab": {
      "__id__": 43
    },
    "_id": "d9OPZujjdJwr0plc6uGVET",
    "_opacity": 255,
    "_color": {
      "__type__": "cc.Color",
      "r": 255,
      "g": 255,
      "b": 255,
      "a": 255
    },
    "_cascadeOpacityEnabled": true,
    "_anchorPoint": {
      "__type__": "cc.Vec2",
      "x": 0.5,
      "y": 0.5
    },
    "_contentSize": {
      "__type__": "cc.Size",
      "width": 94,
      "height": 75
    },
    "_rotationX": 0,
    "_rotationY": 0,
    "_scaleX": 1,
    "_scaleY": 1,
    "_position": {
      "__type__": "cc.Vec2",
      "x": 200,
      "y": 589
    },
    "_skewX": 0,
    "_skewY": 0,
    "_localZOrder": 0,
    "_globalZOrder": 0,
    "_opacityModifyRGB": false,
    "groupIndex": 0
  },
  {
    "__type__": "cc.Sprite",
    "_name": "",
    "_objFlags": 0,
    "node": {
      "__id__": 41
    },
    "_enabled": true,
    "_spriteFrame": {
      "__uuid__": "973dcac8-a753-46f7-8723-db2812c43ebe"
    },
    "_type": 0,
    "_sizeMode": 1,
    "_fillType": 0,
    "_fillCenter": {
      "__type__": "cc.Vec2",
      "x": 0,
      "y": 0
    },
    "_fillStart": 0,
    "_fillRange": 0,
    "_isTrimmedMode": true,
    "_srcBlendFactor": 770,
    "_dstBlendFactor": 771,
    "_atlas": null
  },
  {
    "__type__": "cc.PrefabInfo",
    "root": {
      "__id__": 3
    },
    "asset": {
      "__uuid__": "c54f9b8b-f556-4199-bf60-9e5f26690789"
    },
    "fileId": "4a9fbINodRNZqfwQRrqFJv0",
    "sync": false
  },
  {
    "__type__": "cc.Node",
    "_name": "fuhao9@2x",
    "_objFlags": 0,
    "_parent": {
      "__id__": 7
    },
    "_children": [],
    "_tag": -1,
    "_active": true,
    "_components": [
      {
        "__id__": 45
      }
    ],
    "_prefab": {
      "__id__": 46
    },
    "_id": "85jcDJAF9OAJFGfrVjATZ5",
    "_opacity": 255,
    "_color": {
      "__type__": "cc.Color",
      "r": 255,
      "g": 255,
      "b": 255,
      "a": 255
    },
    "_cascadeOpacityEnabled": true,
    "_anchorPoint": {
      "__type__": "cc.Vec2",
      "x": 0.5,
      "y": 0.5
    },
    "_contentSize": {
      "__type__": "cc.Size",
      "width": 78,
      "height": 100
    },
    "_rotationX": 0,
    "_rotationY": 0,
    "_scaleX": 1,
    "_scaleY": 1,
    "_position": {
      "__type__": "cc.Vec2",
      "x": 285,
      "y": 632
    },
    "_skewX": 0,
    "_skewY": 0,
    "_localZOrder": 0,
    "_globalZOrder": 0,
    "_opacityModifyRGB": false,
    "groupIndex": 0
  },
  {
    "__type__": "cc.Sprite",
    "_name": "",
    "_objFlags": 0,
    "node": {
      "__id__": 44
    },
    "_enabled": true,
    "_spriteFrame": {
      "__uuid__": "9a828f1a-b358-4466-b47b-00d55c608a59"
    },
    "_type": 0,
    "_sizeMode": 1,
    "_fillType": 0,
    "_fillCenter": {
      "__type__": "cc.Vec2",
      "x": 0,
      "y": 0
    },
    "_fillStart": 0,
    "_fillRange": 0,
    "_isTrimmedMode": true,
    "_srcBlendFactor": 770,
    "_dstBlendFactor": 771,
    "_atlas": null
  },
  {
    "__type__": "cc.PrefabInfo",
    "root": {
      "__id__": 3
    },
    "asset": {
      "__uuid__": "c54f9b8b-f556-4199-bf60-9e5f26690789"
    },
    "fileId": "3983azMLgJDXJwC9VQE6kHr",
    "sync": false
  },
  {
    "__type__": "cc.Animation",
    "_name": "",
    "_objFlags": 0,
    "node": {
      "__id__": 7
    },
    "_enabled": true,
    "_defaultClip": {
      "__uuid__": "f92c29c4-6f2d-44cb-bc43-a77523ff2880"
    },
    "_clips": [
      {
        "__uuid__": "f92c29c4-6f2d-44cb-bc43-a77523ff2880"
      }
    ],
    "playOnLoad": true
  },
  {
    "__type__": "cc.PrefabInfo",
    "root": {
      "__id__": 3
    },
    "asset": {
      "__uuid__": "c54f9b8b-f556-4199-bf60-9e5f26690789"
    },
    "fileId": "5d759Bz4l9IOK2ByploG4FD",
    "sync": false
  },
  {
    "__type__": "cc.Node",
    "_name": "eyes",
    "_objFlags": 0,
    "_parent": {
      "__id__": 3
    },
    "_children": [
      {
        "__id__": 50
      },
      {
        "__id__": 53
      }
    ],
    "_tag": -1,
    "_active": true,
    "_components": [
      {
        "__id__": 56
      }
    ],
    "_prefab": {
      "__id__": 57
    },
    "_id": "d4dkU7gqBAw6pXaeEP3hHu",
    "_opacity": 255,
    "_color": {
      "__type__": "cc.Color",
      "r": 255,
      "g": 255,
      "b": 255,
      "a": 255
    },
    "_cascadeOpacityEnabled": true,
    "_anchorPoint": {
      "__type__": "cc.Vec2",
      "x": 0.5,
      "y": 0.5
    },
    "_contentSize": {
      "__type__": "cc.Size",
      "width": 0,
      "height": 0
    },
    "_rotationX": 0,
    "_rotationY": 0,
    "_scaleX": 1,
    "_scaleY": 1,
    "_position": {
      "__type__": "cc.Vec2",
      "x": 0,
      "y": 0
    },
    "_skewX": 0,
    "_skewY": 0,
    "_localZOrder": 0,
    "_globalZOrder": 0,
    "_opacityModifyRGB": false,
    "groupIndex": 0
  },
  {
    "__type__": "cc.Node",
    "_name": "eye1@2x",
    "_objFlags": 0,
    "_parent": {
      "__id__": 49
    },
    "_children": [],
    "_tag": -1,
    "_active": true,
    "_components": [
      {
        "__id__": 51
      }
    ],
    "_prefab": {
      "__id__": 52
    },
    "_id": "c8qc/x2aFB9pIgPkAJ5dnL",
    "_opacity": 255,
    "_color": {
      "__type__": "cc.Color",
      "r": 255,
      "g": 255,
      "b": 255,
      "a": 255
    },
    "_cascadeOpacityEnabled": true,
    "_anchorPoint": {
      "__type__": "cc.Vec2",
      "x": 0.5,
      "y": 0.5
    },
    "_contentSize": {
      "__type__": "cc.Size",
      "width": 22,
      "height": 33
    },
    "_rotationX": 0,
    "_rotationY": 0,
    "_scaleX": 1,
    "_scaleY": 1,
    "_position": {
      "__type__": "cc.Vec2",
      "x": 297.4,
      "y": 36.4
    },
    "_skewX": 0,
    "_skewY": 0,
    "_localZOrder": 0,
    "_globalZOrder": 0,
    "_opacityModifyRGB": false,
    "groupIndex": 0
  },
  {
    "__type__": "cc.Sprite",
    "_name": "",
    "_objFlags": 0,
    "node": {
      "__id__": 50
    },
    "_enabled": true,
    "_spriteFrame": {
      "__uuid__": "3f8d1729-ae5f-4ed2-9257-40345823edb2"
    },
    "_type": 0,
    "_sizeMode": 1,
    "_fillType": 0,
    "_fillCenter": {
      "__type__": "cc.Vec2",
      "x": 0,
      "y": 0
    },
    "_fillStart": 0,
    "_fillRange": 0,
    "_isTrimmedMode": true,
    "_srcBlendFactor": 770,
    "_dstBlendFactor": 771,
    "_atlas": null
  },
  {
    "__type__": "cc.PrefabInfo",
    "root": {
      "__id__": 3
    },
    "asset": {
      "__uuid__": "c54f9b8b-f556-4199-bf60-9e5f26690789"
    },
    "fileId": "4ce0eKu0ylGfKbcClcONxde",
    "sync": false
  },
  {
    "__type__": "cc.Node",
    "_name": "eye2@2x",
    "_objFlags": 0,
    "_parent": {
      "__id__": 49
    },
    "_children": [],
    "_tag": -1,
    "_active": true,
    "_components": [
      {
        "__id__": 54
      }
    ],
    "_prefab": {
      "__id__": 55
    },
    "_id": "31eCvErRRKGq9yWkY+RO9C",
    "_opacity": 255,
    "_color": {
      "__type__": "cc.Color",
      "r": 255,
      "g": 255,
      "b": 255,
      "a": 255
    },
    "_cascadeOpacityEnabled": true,
    "_anchorPoint": {
      "__type__": "cc.Vec2",
      "x": 0.5,
      "y": 0.5
    },
    "_contentSize": {
      "__type__": "cc.Size",
      "width": 22,
      "height": 33
    },
    "_rotationX": 0,
    "_rotationY": 0,
    "_scaleX": 1,
    "_scaleY": 1,
    "_position": {
      "__type__": "cc.Vec2",
      "x": 410,
      "y": 32
    },
    "_skewX": 0,
    "_skewY": 0,
    "_localZOrder": 0,
    "_globalZOrder": 0,
    "_opacityModifyRGB": false,
    "groupIndex": 0
  },
  {
    "__type__": "cc.Sprite",
    "_name": "",
    "_objFlags": 0,
    "node": {
      "__id__": 53
    },
    "_enabled": true,
    "_spriteFrame": {
      "__uuid__": "e3311a3c-5785-4d48-9b6a-aadb3545249d"
    },
    "_type": 0,
    "_sizeMode": 1,
    "_fillType": 0,
    "_fillCenter": {
      "__type__": "cc.Vec2",
      "x": 0,
      "y": 0
    },
    "_fillStart": 0,
    "_fillRange": 0,
    "_isTrimmedMode": true,
    "_srcBlendFactor": 770,
    "_dstBlendFactor": 771,
    "_atlas": null
  },
  {
    "__type__": "cc.PrefabInfo",
    "root": {
      "__id__": 3
    },
    "asset": {
      "__uuid__": "c54f9b8b-f556-4199-bf60-9e5f26690789"
    },
    "fileId": "c9c3diRQthHRqg185gTy1xM",
    "sync": false
  },
  {
    "__type__": "cc.Animation",
    "_name": "",
    "_objFlags": 0,
    "node": {
      "__id__": 49
    },
    "_enabled": true,
    "_defaultClip": {
      "__uuid__": "8fb0496c-4eea-4af1-a649-6e84e8977c98"
    },
    "_clips": [
      {
        "__uuid__": "8fb0496c-4eea-4af1-a649-6e84e8977c98"
      }
    ],
    "playOnLoad": true
  },
  {
    "__type__": "cc.PrefabInfo",
    "root": {
      "__id__": 3
    },
    "asset": {
      "__uuid__": "c54f9b8b-f556-4199-bf60-9e5f26690789"
    },
    "fileId": "e1297uDUqdGwat5GyFrq048",
    "sync": false
  },
  {
    "__type__": "cc.PrefabInfo",
    "root": {
      "__id__": 3
    },
    "asset": {
      "__uuid__": "c54f9b8b-f556-4199-bf60-9e5f26690789"
    },
    "fileId": "bd96cmD6tZLPa7lQzxyhaEu",
    "sync": false
  },
  {
    "__type__": "cc.Node",
    "_name": "Start",
    "_objFlags": 0,
    "_parent": {
      "__id__": 2
    },
    "_children": [],
    "_tag": -1,
    "_active": true,
    "_components": [
      {
        "__id__": 60
      },
      {
        "__id__": 61
      },
      {
        "__id__": 63
      }
    ],
    "_prefab": null,
    "_id": "2dcavwS/lAT7jsfcIbdHNG",
    "_opacity": 255,
    "_color": {
      "__type__": "cc.Color",
      "r": 255,
      "g": 255,
      "b": 255,
      "a": 255
    },
    "_cascadeOpacityEnabled": true,
    "_anchorPoint": {
      "__type__": "cc.Vec2",
      "x": 0.5,
      "y": 0.5
    },
    "_contentSize": {
      "__type__": "cc.Size",
      "width": 306,
      "height": 132
    },
    "_rotationX": 0,
    "_rotationY": 0,
    "_scaleX": 1,
    "_scaleY": 1,
    "_position": {
      "__type__": "cc.Vec2",
      "x": 771,
      "y": -582
    },
    "_skewX": 0,
    "_skewY": 0,
    "_localZOrder": 0,
    "_globalZOrder": 0,
    "_opacityModifyRGB": false,
    "groupIndex": 0
  },
  {
    "__type__": "cc.Sprite",
    "_name": "",
    "_objFlags": 0,
    "node": {
      "__id__": 59
    },
    "_enabled": true,
    "_spriteFrame": {
      "__uuid__": "450db3b4-ce00-4905-8e86-536e84e4e3f6"
    },
    "_type": 0,
    "_sizeMode": 2,
    "_fillType": 0,
    "_fillCenter": {
      "__type__": "cc.Vec2",
      "x": 0,
      "y": 0
    },
    "_fillStart": 0,
    "_fillRange": 0,
    "_isTrimmedMode": true,
    "_srcBlendFactor": 770,
    "_dstBlendFactor": 771,
    "_atlas": null
  },
  {
    "__type__": "cc.Button",
    "_name": "",
    "_objFlags": 0,
    "node": {
      "__id__": 59
    },
    "_enabled": true,
    "transition": 2,
    "pressedColor": {
      "__type__": "cc.Color",
      "r": 255,
      "g": 255,
      "b": 255,
      "a": 255
    },
    "hoverColor": {
      "__type__": "cc.Color",
      "r": 255,
      "g": 255,
      "b": 255,
      "a": 255
    },
    "duration": 0.1,
    "zoomScale": 1.2,
    "pressedSprite": {
      "__uuid__": "31d128d2-2bb8-444c-a44b-ad908cdedabd"
    },
    "hoverSprite": null,
    "clickEvents": [
      {
        "__id__": 62
      }
    ],
    "_N$interactable": true,
    "_N$enableAutoGrayEffect": false,
    "_N$normalColor": {
      "__type__": "cc.Color",
      "r": 255,
      "g": 255,
      "b": 255,
      "a": 255
    },
    "_N$disabledColor": {
      "__type__": "cc.Color",
      "r": 255,
      "g": 255,
      "b": 255,
      "a": 255
    },
    "_N$normalSprite": {
      "__uuid__": "450db3b4-ce00-4905-8e86-536e84e4e3f6"
    },
    "_N$disabledSprite": {
      "__uuid__": "450db3b4-ce00-4905-8e86-536e84e4e3f6"
    },
    "_N$target": {
      "__id__": 59
    }
  },
  {
    "__type__": "cc.ClickEvent",
    "target": {
      "__id__": 2
    },
    "component": "GameStart",
    "handler": "startClick",
    "customEventData": ""
  },
  {
    "__type__": "cc.Widget",
    "_name": "",
    "_objFlags": 0,
    "node": {
      "__id__": 59
    },
    "_enabled": true,
    "isAlignOnce": true,
    "_target": null,
    "_alignFlags": 36,
    "_left": 1643,
    "_right": 100,
    "_top": 1289,
    "_bottom": 120,
    "_verticalCenter": 0,
    "_horizontalCenter": 0,
    "_isAbsLeft": true,
    "_isAbsRight": true,
    "_isAbsTop": true,
    "_isAbsBottom": true,
    "_isAbsHorizontalCenter": true,
    "_isAbsVerticalCenter": true,
    "_originalWidth": 0,
    "_originalHeight": 0
  },
  {
    "__type__": "cc.Canvas",
    "_name": "",
    "_objFlags": 0,
    "node": {
      "__id__": 2
    },
    "_enabled": true,
    "_designResolution": {
      "__type__": "cc.Size",
      "width": 2048,
      "height": 1536
    },
    "_fitWidth": true,
    "_fitHeight": true
  },
  {
    "__type__": "c8b37JrgftHIqtBJYwPmFST",
    "_name": "",
    "_objFlags": 0,
    "node": {
      "__id__": 2
    },
    "_enabled": true,
    "gameData": {
      "__id__": 66
    }
  },
  {
    "__type__": "cc.Node",
    "_name": "GameData",
    "_objFlags": 0,
    "_parent": {
      "__id__": 1
    },
    "_children": [],
    "_tag": -1,
    "_active": true,
    "_components": [
      {
        "__id__": 67
      },
      {
        "__id__": 69
      },
      {
        "__id__": 68
      }
    ],
    "_prefab": null,
    "_id": "3f6ZHvzCBNYZKgMSJhl/Pw",
    "_opacity": 255,
    "_color": {
      "__type__": "cc.Color",
      "r": 255,
      "g": 255,
      "b": 255,
      "a": 255
    },
    "_cascadeOpacityEnabled": true,
    "_anchorPoint": {
      "__type__": "cc.Vec2",
      "x": 0.5,
      "y": 0.5
    },
    "_contentSize": {
      "__type__": "cc.Size",
      "width": 0,
      "height": 0
    },
    "_rotationX": 0,
    "_rotationY": 0,
    "_scaleX": 1,
    "_scaleY": 1,
    "_position": {
      "__type__": "cc.Vec2",
      "x": 1024,
      "y": 768
    },
    "_skewX": 0,
    "_skewY": 0,
    "_localZOrder": 0,
    "_globalZOrder": 0,
    "_opacityModifyRGB": false,
    "groupIndex": 0
  },
  {
    "__type__": "805c9+GqEtHZqKwuNyr4Kdf",
    "_name": "",
    "_objFlags": 0,
    "node": {
      "__id__": 66
    },
    "_enabled": true,
    "collectNum": 0,
    "missNum": 0,
    "isWin": true,
    "isFirst": true,
    "Music": {
      "__uuid__": "4735dcd9-41cf-4c68-a2d3-d8fd4297bd42"
    },
    "audioSource": {
      "__id__": 68
    }
  },
  {
    "__type__": "cc.AudioSource",
    "_name": "",
    "_objFlags": 0,
    "node": {
      "__id__": 66
    },
    "_enabled": true,
    "_clip": {
      "__uuid__": "9341baf7-2c77-453e-8df2-ca9be81d12d7"
    },
    "_volume": 1,
    "_mute": false,
    "_loop": false,
    "playOnLoad": false,
    "preload": true
  },
  {
    "__type__": "23cc1NE+qRPwrBEWo1GpD51",
    "_name": "",
    "_objFlags": 0,
    "node": {
      "__id__": 66
    },
    "_enabled": true
  }
]