{
  "__type__": "cc.AnimationClip",
  "_name": "Over_Header",
  "_objFlags": 0,
  "_rawFiles": null,
  "_duration": 1,
  "sample": 25,
  "speed": 1,
  "wrapMode": 1,
  "curveData": {
    "props": {
      "position": [
        {
          "frame": 0,
          "value": [
            465,
            -373
          ]
        },
        {
          "frame": 0.36,
          "value": [
            465,
            -373
          ]
        },
        {
          "frame": 0.52,
          "value": [
            465,
            -360
          ]
        },
        {
          "frame": 0.68,
          "value": [
            465,
            -373
          ]
        },
        {
          "frame": 0.84,
          "value": [
            465,
            -360
          ]
        },
        {
          "frame": 1,
          "value": [
            465,
            -373
          ]
        }
      ]
    }
  },
  "events": []
}