{
  "__type__": "cc.AnimationClip",
  "_name": "Over_Left_Hand",
  "_objFlags": 0,
  "_rawFiles": null,
  "_duration": 0.92,
  "sample": 25,
  "speed": 1,
  "wrapMode": 1,
  "curveData": {
    "props": {
      "rotation": [
        {
          "frame": 0,
          "value": 40
        },
        {
          "frame": 0.32,
          "value": -23
        },
        {
          "frame": 0.52,
          "value": 5
        },
        {
          "frame": 0.72,
          "value": -23
        },
        {
          "frame": 0.92,
          "value": 5
        }
      ]
    }
  },
  "events": []
}