[{"__type__":"cc.SpriteFrame","content":{"name":"right_00004","texture":"26f2f943-8cb2-4cc1-a4a9-75c99086c18b","rect":[0,0,346,339],"offset":[0,3.5],"originalSize":[346,346]}},[{"__type__":"cc.Prefab","_name":"psNode","data":{"__id__":1},"asyncLoadAssets":false},{"__type__":"cc.Node","_name":"psNode","_children":[{"__id__":2}],"_components":[{"__type__":"0d435dlcNlCcLEIUaLTkgJ0","node":{"__id__":1},"picSprite":{"__id__":3}}],"_prefab":{"__type__":"cc.PrefabInfo","root":{"__id__":1},"fileId":"667d9eEsWxD1rYuWK405Y6v"}},{"__type__":"cc.Node","_name":"picSprite","_parent":{"__id__":1},"_components":[{"__id__":3}],"_prefab":{"__type__":"cc.PrefabInfo","root":{"__id__":1},"fileId":"a36c9/hhqVKQKtlrtTT+f/Q"},"_contentSize":{"__type__":"cc.Size","width":90,"height":90}},{"__type__":"cc.Sprite","node":{"__id__":2},"_spriteFrame":{"__uuid__":"1b8c9802-b8a8-494b-bacc-b0e8f3963164"}}],{"__type__":"cc.SpriteFrame","content":{"name":"numBg","texture":"a970b8d8-d76b-4c79-ada8-2a299786a030","rect":[13,13,54,54],"offset":[0,0],"originalSize":[80,80]}},{"__type__":"cc.SpriteFrame","content":{"name":"play_again_press","texture":"c4382083-9d98-48b9-a174-ce8722471908","rect":[0,0,583,132],"offset":[0,0],"originalSize":[583,132]}},{"__type__":"cc.SpriteFrame","content":{"name":"wordShow_00004","texture":"413ee76b-2d22-4d64-8505-bf9a44c65f26","rect":[0,0,346,346],"offset":[0,0],"originalSize":[346,346]}},{"__type__":"cc.SpriteFrame","content":{"name":"finish_00002","texture":"d99edd65-0b91-45b4-942f-d5d9d63a0dff","rect":[369,24,770,748],"offset":[141,-4.5],"originalSize":[1226,787]}},{"__type__":"cc.SpriteFrame","content":{"name":"finish_00019","texture":"0e1cd59a-a18e-429f-a548-5238b8cade17","rect":[110,34,950,747],"offset":[-28,-14],"originalSize":[1226,787]}},{"__type__":"cc.AnimationClip","_name":"feedBacklight","_duration":1.1,"curveData":{"comps":{"cc.Sprite":{"spriteFrame":[{"frame":0,"value":{"__uuid__":"773f5e11-5b7b-4e1b-a5e9-f172d27312a0"}},{"frame":0.1,"value":{"__uuid__":"79edce8c-0ed3-416f-be7a-63c8bd9068b8"}},{"frame":0.2,"value":{"__uuid__":"24556404-1101-47cc-90bb-149227a93c9d"}},{"frame":0.3,"value":{"__uuid__":"822d2f47-9e16-48df-bde6-cabe321fd988"}},{"frame":0.4,"value":{"__uuid__":"a4b238ac-16c3-4e83-899b-5fb2ae55c9e2"}},{"frame":0.5,"value":{"__uuid__":"ce83abb7-397a-45ef-9922-2d4f988b1728"}},{"frame":0.6,"value":{"__uuid__":"4bfa65ab-6c59-4d68-8643-44d59ffa6452"}},{"frame":0.7,"value":{"__uuid__":"ccd9be4a-16fd-4aa6-aa18-f791ffacc210"}},{"frame":0.8,"value":{"__uuid__":"6ef1ca10-3b03-4d95-ae13-2e40b32e2fb3"}},{"frame":0.9,"value":{"__uuid__":"81a123e0-8d0f-4dea-bc75-096753233b67"}},{"frame":1,"value":{"__uuid__":"7b6287e3-e4c3-4a3c-a14b-a437b506320a"}},{"frame":1.0833333333333333,"value":{"__uuid__":"86413103-1be8-425f-81a4-6feefaa4f148"}}]}}}},{"__type__":"cc.SpriteFrame","content":{"name":"right_00003","texture":"82967614-0d47-412e-a6cc-ea8135704395","rect":[14,14,323,318],"offset":[2.5,0],"originalSize":[346,346]}},{"__type__":"cc.SpriteFrame","content":{"name":"play_again_unpress","texture":"e3819d3c-f308-413d-b1fa-b655a5c6a625","rect":[0,0,583,132],"offset":[0,0],"originalSize":[583,132]}},{"__type__":"cc.SpriteFrame","content":{"name":"clock","texture":"c86dfd4e-f0c8-4402-b6cc-56c211ebb23f","rect":[0,0,90,90],"offset":[0,0],"originalSize":[90,90]}},{"__type__":"cc.SpriteFrame","content":{"name":"numBg1","texture":"784e417a-0d2c-47e9-bdb2-e6592f54da67","rect":[1,1,78,78],"offset":[0,0],"originalSize":[80,80]}},{"__type__":"cc.SpriteFrame","content":{"name":"finishbg_00002","texture":"e02d7f2f-0a56-410b-97af-fad7bd5256f7","rect":[118,128,804,750],"offset":[4,12.5],"originalSize":[1032,1031]}},{"__type__":"cc.SpriteFrame","content":{"name":"wrong_00006","texture":"fabb06b0-e9ad-41d0-bdf1-7450161cac36","rect":[8,9,328,328],"offset":[-1,0],"originalSize":[346,346]}},{"__type__":"cc.SpriteFrame","content":{"name":"finish_00015","texture":"61aec4c0-adca-4a6a-b633-40cbdd8f5bf3","rect":[376,45,769,731],"offset":[147.5,-17],"originalSize":[1226,787]}},{"__type__":"cc.SpriteFrame","content":{"name":"bingo9","texture":"ae181f1b-ef97-4fae-af40-33c44681c0ad","rect":[0,0,344,345],"offset":[0,0],"originalSize":[344,345]}},{"__type__":"cc.SpriteFrame","content":{"name":"right_00000","texture":"0a69256b-7c46-4367-9dfe-68e55fb90d5b","rect":[99,106,152,130],"offset":[2,2],"originalSize":[346,346]}},{"__type__":"cc.SpriteFrame","content":{"name":"wrong_00002","texture":"1ea59eb5-ead0-4ef4-804a-282203e91033","rect":[8,9,328,328],"offset":[-1,0],"originalSize":[346,346]}},{"__type__":"cc.SpriteFrame","content":{"name":"finish_00017","texture":"5e474169-0544-43fb-8cc1-19592b1fc4c7","rect":[110,34,1040,747],"offset":[17,-14],"originalSize":[1226,787]}},{"__type__":"cc.SpriteFrame","content":{"name":"finish_00000","texture":"4ae61225-de36-4b90-93a1-779d3f666338","rect":[1226,787,0,0],"offset":[613,-393.5],"originalSize":[1226,787]}},{"__type__":"cc.SpriteFrame","content":{"name":"finish_00007","texture":"fa9dc60d-5b30-4cf2-9905-c840c044ddb7","rect":[369,24,770,748],"offset":[141,-4.5],"originalSize":[1226,787]}},[{"__type__":"cc.Prefab","_name":"brick","data":{"__id__":1},"asyncLoadAssets":false},{"__type__":"cc.Node","_name":"brick","_children":[{"__id__":2},{"__id__":4},{"__id__":5},{"__id__":6}],"_components":[{"__type__":"cc.Sprite","node":{"__id__":1},"_spriteFrame":{"__uuid__":"6af2eeae-4b88-4bb5-acfd-470ebfeba113"}},{"__type__":"9d022/VbkRAlZdSJbFGy1Qe","node":{"__id__":1},"ssLabel":{"__id__":3},"btn":{"__id__":7},"showAnim":{"__id__":4},"wrongSelect":{"__id__":5},"rightSelect":{"__id__":6}},{"__id__":7}],"_prefab":{"__type__":"cc.PrefabInfo","root":{"__id__":1},"fileId":"6094716EFdNm4JBCF0be21d"},"_contentSize":{"__type__":"cc.Size","width":346,"height":346},"_position":{"__type__":"cc.Vec2","x":1045,"y":1068}},{"__type__":"cc.Node","_name":"label","_parent":{"__id__":1},"_components":[{"__id__":3}],"_prefab":{"__type__":"cc.PrefabInfo","root":{"__id__":1},"fileId":"a18f2NB7cpDzKQ2TrslmO6C"},"_contentSize":{"__type__":"cc.Size","width":272.17,"height":150}},{"__type__":"cc.Label","node":{"__id__":2},"_useOriginalSize":false,"_actualFontSize":100,"_fontSize":100,"_lineHeight":150,"_N$file":{"__uuid__":"62bcf23b-821a-4acb-9000-b1c815c6f0c6"},"_isSystemFontUsed":false,"_N$string":"ower","_N$horizontalAlign":1,"_N$verticalAlign":1,"_N$fontFamily":"Arial Black"},{"__type__":"cc.Node","_name":"英文出现动效_00000","_parent":{"__id__":1},"_components":[{"__type__":"cc.Sprite","node":{"__id__":4},"_spriteFrame":{"__uuid__":"b3433219-9ba2-4745-8d20-ea7c3678cb68"}},{"__type__":"cc.Animation","node":{"__id__":4},"_clips":[{"__uuid__":"fbfd9c7c-faf5-44d1-8726-b5a8316d787a"}]}],"_prefab":{"__type__":"cc.PrefabInfo","root":{"__id__":1},"fileId":"611d8qagyRFdrUVNzaOIydL"},"_contentSize":{"__type__":"cc.Size","width":164,"height":151}},{"__type__":"cc.Node","_name":"选择错误动效_00001","_parent":{"__id__":1},"_components":[{"__type__":"cc.Sprite","node":{"__id__":5},"_spriteFrame":{"__uuid__":"9089fc23-6ff1-4251-82f8-b285ceee96ab"}},{"__type__":"cc.Animation","node":{"__id__":5},"_clips":[{"__uuid__":"5116c731-a128-4a54-b4a9-0d89a833c475"}]}],"_prefab":{"__type__":"cc.PrefabInfo","root":{"__id__":1},"fileId":"12ee2PBiKxHgKY1gR5+4sxw"},"_contentSize":{"__type__":"cc.Size","width":212,"height":229}},{"__type__":"cc.Node","_name":"选对_00000","_parent":{"__id__":1},"_components":[{"__type__":"cc.Sprite","node":{"__id__":6},"_spriteFrame":{"__uuid__":"3341f10e-63a2-4fba-a6d3-0a9c7ac3ba8b"}},{"__type__":"cc.Animation","node":{"__id__":6},"_defaultClip":{"__uuid__":"993c2445-d31a-4ffb-bd83-f3e614d9bd29"},"_clips":[{"__uuid__":"993c2445-d31a-4ffb-bd83-f3e614d9bd29"}]}],"_prefab":{"__type__":"cc.PrefabInfo","root":{"__id__":1},"fileId":"e9570BmgR1BpbZ8TWB49ZX8"},"_contentSize":{"__type__":"cc.Size","width":152,"height":130}},{"__type__":"cc.Button","node":{"__id__":1},"clickEvents":[{"__type__":"cc.ClickEvent","target":{"__id__":1},"component":"brickJS","handler":"btnClick"}],"_N$target":{"__id__":1}}],{"__type__":"cc.SpriteFrame","content":{"name":"wrong_00003","texture":"d31b8597-97b8-4bff-aa94-b25edb0422ff","rect":[8,9,328,328],"offset":[-1,0],"originalSize":[346,346]}},{"__type__":"cc.SpriteFrame","content":{"name":"finishbg_00006","texture":"06058789-e1d9-4f30-bdfd-59f76eb90e83","rect":[1,0,1031,1030],"offset":[0.5,0.5],"originalSize":[1032,1031]}},{"__type__":"cc.SpriteFrame","content":{"name":"finish_00006","texture":"19ecf805-dc41-4f96-837e-5e6d5ff958fe","rect":[369,24,770,751],"offset":[141,-6],"originalSize":[1226,787]}},{"__type__":"cc.SpriteFrame","content":{"name":"btnNext","texture":"b39f0f1b-0f7a-4478-8883-c94324f0a926","rect":[16,19,47,42],"offset":[-0.5,0],"originalSize":[80,80]}},{"__type__":"cc.AnimationClip","_name":"wrongSelect","_duration":0.6166666666666667,"curveData":{"comps":{"cc.Sprite":{"spriteFrame":[{"frame":0,"value":{"__uuid__":"9089fc23-6ff1-4251-82f8-b285ceee96ab"}},{"frame":0.1,"value":{"__uuid__":"349f005a-a2e0-4072-ba8f-bc3ff10781ab"}},{"frame":0.2,"value":{"__uuid__":"4624da62-a926-40ac-8bd2-98c44e3baa51"}},{"frame":0.3,"value":{"__uuid__":"5f3377f3-0b28-46fc-9e0b-589b14e13215"}},{"frame":0.4,"value":{"__uuid__":"d8697834-a481-4a13-a18e-031339d0b1e6"}},{"frame":0.5,"value":{"__uuid__":"2c3724ab-a81c-4551-8ca8-91a703237a27"}},{"frame":0.6,"value":{"__uuid__":"fd12e002-737f-454d-8ed6-ca9bf8da9f4a"}}]}}}},{"__type__":"cc.SpriteFrame","content":{"name":"finish_00018","texture":"469aa536-5dd1-4ab7-ae0c-35194492e279","rect":[110,34,950,747],"offset":[-28,-14],"originalSize":[1226,787]}},{"__type__":"cc.SpriteFrame","content":{"name":"wrong_00004","texture":"4458250e-94ed-424c-b7d9-b87a3818b66d","rect":[8,9,328,328],"offset":[-1,0],"originalSize":[346,346]}},{"__type__":"cc.TTFFont","_name":"Arial Black","_rawFiles":["Arial Black.ttf"]},{"__type__":"cc.SpriteFrame","content":{"name":"bingo3","texture":"a088d043-74e3-48e6-8a9f-f703c8e04286","rect":[0,0,344,344],"offset":[0,0],"originalSize":[344,344]}},{"__type__":"cc.SpriteFrame","content":{"name":"right_00005","texture":"3bcdf7d7-09a1-4ceb-958d-ed533e91c07b","rect":[0,0,346,345],"offset":[0,0.5],"originalSize":[346,346]}},{"__type__":"cc.SpriteFrame","content":{"name":"brick","texture":"a2446b45-3a22-44dd-b22c-9619e612359e","rect":[0,0,346,346],"offset":[0,0],"originalSize":[346,346]}},[{"__type__":"cc.Prefab","_name":"questionNum","data":{"__id__":1},"asyncLoadAssets":false},{"__type__":"cc.Node","_name":"num1","_children":[{"__id__":2},{"__id__":3},{"__id__":4}],"_components":[{"__type__":"cc.Button","node":{"__id__":1},"clickEvents":[{"__type__":"cc.ClickEvent","target":{"__id__":1},"component":"QuestionNumJS","handler":"onClick"}],"_N$target":{"__id__":1}},{"__type__":"511ccnUhPdEV5sMRHkmPNf2","node":{"__id__":1},"label":{"__id__":5},"selected_node":{"__id__":3}}],"_prefab":{"__type__":"cc.PrefabInfo","root":{"__id__":1},"fileId":"6655eOU7NFH3LPqGM2pTuOZ"},"_contentSize":{"__type__":"cc.Size","width":80,"height":80}},{"__type__":"cc.Node","_name":"normal","_parent":{"__id__":1},"_components":[{"__type__":"cc.Sprite","node":{"__id__":2},"_spriteFrame":{"__uuid__":"054cd423-1520-4b85-96ff-a2f1a40b0c86"},"_sizeMode":0}],"_prefab":{"__type__":"cc.PrefabInfo","root":{"__id__":1},"fileId":"3ccd3dXppxAXIIGd31pP3De"},"_contentSize":{"__type__":"cc.Size","width":54,"height":54}},{"__type__":"cc.Node","_name":"selected","_parent":{"__id__":1},"_components":[{"__type__":"cc.Sprite","node":{"__id__":3},"_spriteFrame":{"__uuid__":"1fe720cc-0813-4fb1-b30a-9e70bd89fdbc"},"_sizeMode":0}],"_prefab":{"__type__":"cc.PrefabInfo","root":{"__id__":1},"fileId":"4f532Hc5HFDT5jwhUowk9vp"},"_opacity":0,"_contentSize":{"__type__":"cc.Size","width":80,"height":80}},{"__type__":"cc.Node","_name":"label","_parent":{"__id__":1},"_components":[{"__id__":5},{"__type__":"cc.LabelOutline","node":{"__id__":4},"_color":{"__type__":"cc.Color","r":172,"g":126,"b":1},"_width":3}],"_prefab":{"__type__":"cc.PrefabInfo","root":{"__id__":1},"fileId":"ac2b4Jrq8VEu6wB6cseqvSM"},"_contentSize":{"__type__":"cc.Size","width":28.25,"height":40}},{"__type__":"cc.Label","node":{"__id__":4},"_useOriginalSize":false,"_N$string":"1","_N$horizontalAlign":1,"_N$verticalAlign":1}],{"__type__":"cc.SpriteFrame","content":{"name":"finishbg_00008","texture":"6fe6c172-110b-445d-bb99-b8f646824787","rect":[1,0,1031,1030],"offset":[0.5,0.5],"originalSize":[1032,1031]}},{"__type__":"cc.SpriteFrame","content":{"name":"bingo1","texture":"421986b3-b666-4593-83e2-41224d4e7824","rect":[0,0,343,344],"offset":[0,0],"originalSize":[343,344]}},{"__type__":"cc.SpriteFrame","content":{"name":"finishbg_00000","texture":"b72fad49-1065-4279-81b3-78564720d241","rect":[1032,1031,0,0],"offset":[516,-515.5],"originalSize":[1032,1031]}},{"__type__":"cc.SpriteFrame","content":{"name":"finish_00001","texture":"b8d97fb3-6154-40f5-9cf7-f5452ee62abe","rect":[387,95,696,675],"offset":[122,-39],"originalSize":[1226,787]}},{"__type__":"cc.SpriteFrame","content":{"name":"feedbackPic","texture":"48c56288-da11-474d-ab8a-3ac5dc450b29","rect":[0,0,1031,1032],"offset":[0,0],"originalSize":[1031,1032]}},{"__type__":"cc.SpriteFrame","content":{"name":"finishbg_00001","texture":"73a8f356-a317-4b65-b8af-3cd5b651a86d","rect":[300,301,440,426],"offset":[4,1.5],"originalSize":[1032,1031]}},{"__type__":"cc.SpriteFrame","content":{"name":"finishbg_00010","texture":"92f39b8a-c238-4d98-8188-d293bbad084a","rect":[1032,1031,0,0],"offset":[516,-515.5],"originalSize":[1032,1031]}},{"__type__":"cc.SpriteFrame","content":{"name":"finish_00014","texture":"96e7df59-4c21-4a76-9860-639c4dbd9258","rect":[369,24,770,751],"offset":[141,-6],"originalSize":[1226,787]}},{"__type__":"cc.SpriteFrame","content":{"name":"finishbg_00009","texture":"84e63e6e-54ac-4612-8679-a0b0e3c5fe57","rect":[1,0,1031,1030],"offset":[0.5,0.5],"originalSize":[1032,1031]}},{"__type__":"cc.SpriteFrame","content":{"name":"finishbg_00003","texture":"b74fdd41-dd2a-4858-b188-29a70f3b8dde","rect":[1,22,1031,977],"offset":[0.5,5],"originalSize":[1032,1031]}},{"__type__":"cc.SpriteFrame","content":{"name":"right_00002","texture":"f5c95bb3-ffab-4f82-bb31-03c25f47066f","rect":[25,27,295,288],"offset":[-0.5,2],"originalSize":[346,346]}},{"__type__":"cc.SpriteFrame","content":{"name":"finishbg_00011","texture":"f1419a4f-a2fe-43e0-9814-d55a1976d02a","rect":[1032,1031,0,0],"offset":[516,-515.5],"originalSize":[1032,1031]}},{"__type__":"cc.SpriteFrame","content":{"name":"finish_00004","texture":"cd65e0c5-11b0-4cb6-bfd8-d78196d39365","rect":[369,24,770,748],"offset":[141,-4.5],"originalSize":[1226,787]}},{"__type__":"cc.SpriteFrame","content":{"name":"finish_00011","texture":"a17127bf-cf0f-423d-aac9-95a68cb06e10","rect":[369,24,770,748],"offset":[141,-4.5],"originalSize":[1226,787]}},{"__type__":"cc.AnimationClip","_name":"completeFeedback","_duration":2.533333333333333,"wrapMode":0,"curveData":{"comps":{"cc.Sprite":{"spriteFrame":[{"frame":0,"value":{"__uuid__":"40bad1e6-2db9-4f48-b37b-20b16855fb24"}},{"frame":0.13333333333333333,"value":{"__uuid__":"7863d8e0-3716-4bfe-92c8-e8ee6ea3c8ec"}},{"frame":0.26666666666666666,"value":{"__uuid__":"103d2221-7ebe-4c61-bae7-43f0ec9ee312"}},{"frame":0.4,"value":{"__uuid__":"c55f1ab6-112f-4287-825a-042cbbab92b9"}},{"frame":0.5333333333333333,"value":{"__uuid__":"89cc3474-5568-43ff-a1ae-40cac6302e56"}},{"frame":0.6666666666666666,"value":{"__uuid__":"af5fab0d-d481-4f2b-bb41-00f6b3b5b055"}},{"frame":0.8,"value":{"__uuid__":"4e18499c-177a-4bb5-99b9-a187d62c6f9a"}},{"frame":0.9333333333333333,"value":{"__uuid__":"4252e88a-0041-414b-9132-cfbe01e0fd41"}},{"frame":1.0666666666666667,"value":{"__uuid__":"e88c3633-390e-4621-aff2-6138d38e13d7"}},{"frame":1.2,"value":{"__uuid__":"bf2da483-8c4e-402d-b902-5b06ea0bcbff"}},{"frame":1.3333333333333333,"value":{"__uuid__":"8f379a20-56d6-4122-9395-84a266472928"}},{"frame":1.4666666666666666,"value":{"__uuid__":"8ccb3655-9dc3-4614-bd63-be1866129f87"}},{"frame":1.6,"value":{"__uuid__":"b16e763c-a6e8-4b1e-9f2f-147949426778"}},{"frame":1.7333333333333334,"value":{"__uuid__":"d8d05a87-5ce6-4f90-94ca-a703c784a93f"}},{"frame":1.8666666666666667,"value":{"__uuid__":"7f959d48-fe8b-4151-ad6e-ad544f75e6e8"}},{"frame":2,"value":{"__uuid__":"2f469139-b8c1-4590-940b-690767bee9ef"}},{"frame":2.1333333333333333,"value":{"__uuid__":"ca2543f7-3b55-46c3-9e48-8e198cff27f9"}},{"frame":2.2666666666666666,"value":{"__uuid__":"406f0796-a619-4278-8590-3fed6e0f08ea"}},{"frame":2.4,"value":{"__uuid__":"53416a93-bfca-406d-823f-5a17917d9a12"}},{"frame":2.5166666666666666,"value":{"__uuid__":"11e059b1-8e6d-4a01-9cde-e44392a2b939"}}]}}}},{"__type__":"cc.SpriteFrame","content":{"name":"btnLast","texture":"5e908ce9-90e6-43b8-88c3-4f671116558d","rect":[14,20,51,40],"offset":[-0.5,0],"originalSize":[80,80]}},{"__type__":"cc.SpriteFrame","content":{"name":"finish_00010","texture":"a2f95dad-8485-48c9-b054-9a87cc6e554a","rect":[369,24,770,748],"offset":[141,-4.5],"originalSize":[1226,787]}},{"__type__":"cc.SpriteFrame","content":{"name":"wrong_00001","texture":"1d528515-4b41-4326-9752-9cb39516487b","rect":[8,109,212,229],"offset":[-59,-50.5],"originalSize":[346,346]}},{"__type__":"cc.AnimationClip","_name":"rightSelect","_duration":0.6166666666666667,"curveData":{"comps":{"cc.Sprite":{"spriteFrame":[{"frame":0,"value":{"__uuid__":"3341f10e-63a2-4fba-a6d3-0a9c7ac3ba8b"}},{"frame":0.1,"value":{"__uuid__":"ef5940d8-f72f-4c72-9052-9d446e5ad7d9"}},{"frame":0.2,"value":{"__uuid__":"8435bb03-4597-43c5-9c36-50bd744240ac"}},{"frame":0.3,"value":{"__uuid__":"13987f5d-2e48-4ce1-9fb9-5106a7d5c6f5"}},{"frame":0.4,"value":{"__uuid__":"034117fa-aa54-4811-9a18-46d6003cea01"}},{"frame":0.5,"value":{"__uuid__":"68e0091d-4a0b-4750-93fe-e565695d1f61"}},{"frame":0.6,"value":{"__uuid__":"df6d3c92-c7ee-4285-873a-b3d93ca2c96a"}}]}}}},{"__type__":"cc.SpriteFrame","content":{"name":"finishbg_00004","texture":"35023e26-39f1-4401-9ba6-9813571984dc","rect":[1,0,1031,1031],"offset":[0.5,0],"originalSize":[1032,1031]}},{"__type__":"cc.SpriteFrame","content":{"name":"review_press","texture":"733a9a15-3046-4ee9-9316-fdc889bfdb15","rect":[0,0,583,132],"offset":[0,0],"originalSize":[583,132]}},{"__type__":"cc.SpriteFrame","content":{"name":"wordShow_00002","texture":"a7686fa7-3319-46b7-bee0-1b48bc8e536a","rect":[0,0,346,346],"offset":[0,0],"originalSize":[346,346]}},{"__type__":"cc.SpriteFrame","content":{"name":"wordShow_00006","texture":"a83c4090-3974-4807-8d33-750f1df8ab67","rect":[91,32,164,148],"offset":[0,67],"originalSize":[346,346]}},{"__type__":"cc.SpriteFrame","content":{"name":"finish_00005","texture":"35bbcfde-95d0-49ae-a2ee-99eb0e061083","rect":[369,24,770,748],"offset":[141,-4.5],"originalSize":[1226,787]}},{"__type__":"cc.SpriteFrame","content":{"name":"bingoStartbg","texture":"c2e3b184-2763-4b88-9031-5ee88a92f898","rect":[0,0,2048,1536],"offset":[0,0],"originalSize":[2048,1536]}},{"__type__":"cc.SpriteFrame","content":{"name":"biaotikuang-zhong","texture":"aa6169f2-8bfe-4c75-9dcd-0507c1a17cf7","rect":[0,0,505,147],"offset":[0,0],"originalSize":[505,147]}},{"__type__":"cc.SpriteFrame","content":{"name":"finish_00012","texture":"b3238b3a-69cd-43c1-a3a2-329017e75f9f","rect":[369,24,770,751],"offset":[141,-6],"originalSize":[1226,787]}},{"__type__":"cc.SpriteFrame","content":{"name":"wordShow_00000","texture":"68953af1-ea4f-4fb5-826c-dbd83561d6fa","rect":[90,111,164,151],"offset":[-1,-13.5],"originalSize":[346,346]}},{"__type__":"cc.SpriteFrame","content":{"name":"bingo6","texture":"2c48dec9-b010-4ebc-b76b-9c99e873983a","rect":[0,0,343,343],"offset":[0,0],"originalSize":[343,343]}},{"__type__":"cc.SpriteFrame","content":{"name":"wordBg","texture":"d001ffbb-599e-4d96-9fde-425a78e655c1","rect":[0,0,456,456],"offset":[0,0],"originalSize":[456,456]}},{"__type__":"cc.SpriteFrame","content":{"name":"labaPress","texture":"eb7e72e4-f43c-4ac2-8c73-6cf4a22874ee","rect":[0,0,114,115],"offset":[0,0],"originalSize":[114,115]}},{"__type__":"cc.SpriteFrame","content":{"name":"review","texture":"7c5a5019-d06c-43d1-a749-805f6e677a29","rect":[0,0,583,132],"offset":[0,0],"originalSize":[583,132]}},{"__type__":"cc.SpriteFrame","content":{"name":"bingo8","texture":"f1488889-fa5e-4762-80cd-350e42fb9672","rect":[0,0,343,345],"offset":[0,0],"originalSize":[343,345]}},{"__type__":"cc.SpriteFrame","content":{"name":"bingo2","texture":"5122d9e7-e5ff-4b8e-bde3-b43cf79e5caa","rect":[0,0,343,344],"offset":[0,0],"originalSize":[343,344]}},{"__type__":"cc.SpriteFrame","content":{"name":"wordShow_00003","texture":"43dbe030-b3c9-478c-b5d5-7f3fad6d9274","rect":[0,0,346,346],"offset":[0,0],"originalSize":[346,346]}},{"__type__":"cc.SpriteFrame","content":{"name":"finish_00009","texture":"4b6cfd3f-98a3-4249-b32a-a2934d442d98","rect":[369,24,770,748],"offset":[141,-4.5],"originalSize":[1226,787]}},[{"__type__":"cc.SceneAsset","_name":"CocosGame","scene":{"__id__":1},"asyncLoadAssets":false},{"__type__":"cc.Scene","_name":"New Node","_children":[{"__id__":2},{"__id__":13},{"__id__":43}],"_anchorPoint":{"__type__":"cc.Vec2"},"autoReleaseAssets":false},{"__type__":"cc.Node","_name":"Canvas","_parent":{"__id__":1},"_children":[{"__id__":3},{"__id__":4},{"__id__":5},{"__id__":6},{"__id__":7},{"__id__":8},{"__id__":9},{"__id__":10},{"__id__":11},{"__id__":12}],"_components":[{"__type__":"cc.Canvas","node":{"__id__":2},"_designResolution":{"__type__":"cc.Size","width":2048,"height":1536},"_fitWidth":true}],"_id":"42d31QRkvlJrZCxoGpWuPOT","_contentSize":{"__type__":"cc.Size","width":2048,"height":1536},"_position":{"__type__":"cc.Vec2","x":1024,"y":768}},{"__type__":"cc.Node","_name":"background","_parent":{"__id__":2},"_components":[{"__type__":"cc.Sprite","node":{"__id__":3},"_spriteFrame":{"__uuid__":"dc2971e5-21a4-42f8-bf0d-8378e6485867"},"_sizeMode":0},{"__type__":"cc.Widget","node":{"__id__":3},"_alignFlags":45,"_originalWidth":40,"_originalHeight":36}],"_contentSize":{"__type__":"cc.Size","width":2048,"height":1536}},{"__type__":"cc.Node","_name":"bingo1","_parent":{"__id__":2},"_components":[{"__type__":"cc.Sprite","node":{"__id__":4},"_spriteFrame":{"__uuid__":"71eae788-a11d-4117-81c3-f5dbde87ac44"}}],"_contentSize":{"__type__":"cc.Size","width":343,"height":344},"_position":{"__type__":"cc.Vec2","x":2,"y":327}},{"__type__":"cc.Node","_name":"bingo2","_parent":{"__id__":2},"_components":[{"__type__":"cc.Sprite","node":{"__id__":5},"_spriteFrame":{"__uuid__":"b9f9b962-8699-4614-a773-5a69d5e147ce"}}],"_contentSize":{"__type__":"cc.Size","width":343,"height":344},"_position":{"__type__":"cc.Vec2","x":345,"y":327}},{"__type__":"cc.Node","_name":"bingo3","_parent":{"__id__":2},"_components":[{"__type__":"cc.Sprite","node":{"__id__":6},"_spriteFrame":{"__uuid__":"6350aff6-11e0-4a60-bd0e-14ea0d875a51"}}],"_contentSize":{"__type__":"cc.Size","width":344,"height":344},"_position":{"__type__":"cc.Vec2","x":688,"y":327}},{"__type__":"cc.Node","_name":"bingo4","_parent":{"__id__":2},"_components":[{"__type__":"cc.Sprite","node":{"__id__":7},"_spriteFrame":{"__uuid__":"e87fa349-21f9-40ce-a81d-f3fe0ed477d5"}}],"_contentSize":{"__type__":"cc.Size","width":343,"height":344},"_position":{"__type__":"cc.Vec2","x":2,"y":-16}},{"__type__":"cc.Node","_name":"bingo5","_parent":{"__id__":2},"_components":[{"__type__":"cc.Sprite","node":{"__id__":8},"_spriteFrame":{"__uuid__":"cc5a3fed-11c0-4825-b977-9119e0e7988d"}}],"_contentSize":{"__type__":"cc.Size","width":343,"height":343},"_position":{"__type__":"cc.Vec2","x":345,"y":-17}},{"__type__":"cc.Node","_name":"bingo6","_parent":{"__id__":2},"_components":[{"__type__":"cc.Sprite","node":{"__id__":9},"_spriteFrame":{"__uuid__":"b3fb1c7b-af9a-49ad-9f4b-4296a02729e0"}}],"_contentSize":{"__type__":"cc.Size","width":343,"height":343},"_position":{"__type__":"cc.Vec2","x":689,"y":-17}},{"__type__":"cc.Node","_name":"bingo7","_parent":{"__id__":2},"_components":[{"__type__":"cc.Sprite","node":{"__id__":10},"_spriteFrame":{"__uuid__":"d7c8b2e8-dc78-4ac9-80fa-22e025e721f6"}}],"_contentSize":{"__type__":"cc.Size","width":343,"height":344},"_position":{"__type__":"cc.Vec2","x":2,"y":-360}},{"__type__":"cc.Node","_name":"bingo8","_parent":{"__id__":2},"_components":[{"__type__":"cc.Sprite","node":{"__id__":11},"_spriteFrame":{"__uuid__":"b875d829-4ec6-48f8-9c20-d2812a4d2878"}}],"_contentSize":{"__type__":"cc.Size","width":343,"height":345},"_position":{"__type__":"cc.Vec2","x":345,"y":-361}},{"__type__":"cc.Node","_name":"bingo9","_parent":{"__id__":2},"_components":[{"__type__":"cc.Sprite","node":{"__id__":12},"_spriteFrame":{"__uuid__":"31e18444-d52c-40f7-a90c-5c5e998b8da9"}}],"_contentSize":{"__type__":"cc.Size","width":344,"height":345},"_position":{"__type__":"cc.Vec2","x":688,"y":-361}},{"__type__":"cc.Node","_name":"Content","_parent":{"__id__":1},"_children":[{"__id__":14},{"__id__":18},{"__id__":19},{"__id__":23},{"__id__":29},{"__id__":37},{"__id__":38},{"__id__":39},{"__id__":40}],"_components":[{"__type__":"cc.Widget","node":{"__id__":13},"_alignFlags":45},{"__type__":"d92c8sRpIBMBKs/RzLIjTLN","node":{"__id__":13},"question_node":{"__id__":18},"quertionList_node":{"__id__":29},"title_node":{"__id__":14},"completeAnimBackNode":{"__id__":19},"completeAnimNode":{"__id__":21},"feedbackLightNode":{"__id__":20},"playNode":{"__id__":43},"reviewNode":{"__id__":22},"bingoSound":{"__uuid__":"7cf6b346-78ce-4387-88ef-89e4fd307392"},"rightSound":{"__uuid__":"9307686a-412c-47c2-b85b-fd58712e4109"},"wrongSound":{"__uuid__":"507a73c4-bbd4-4633-8e17-ebefd5ef50e5"},"flopSound":{"__uuid__":"02ce7e8c-6241-4dc9-a72d-c58725a2cbb2"},"cheerSound":{"__uuid__":"3a6a4a5b-a4c6-41d4-ab08-e20fe9fe5e85"},"backSound":{"__uuid__":"8958108a-b28f-47bd-84b0-58b3fd54a8df"}},{"__type__":"cd804MyCfRHi4BLiy+Orkth","node":{"__id__":13},"_enabled":false},{"__type__":"8febaBdc6ZNMK6NnHe3UpZb","node":{"__id__":13},"_enabled":false},{"__type__":"1fd0eyOq5xJhrmtVVWG1tIl","node":{"__id__":13},"brick":{"__uuid__":"444c0d89-6610-460e-acb4-d4bca78ae6b7"},"picNode":{"__id__":23},"picSprite":{"__id__":28},"picSpritePrefab":{"__uuid__":"035a05a4-e783-45b1-a9c3-46ef3df877a5"},"askLabel":{"__id__":42}}],"_id":"f0296ASX2FL/6SRcpElEYh+","_contentSize":{"__type__":"cc.Size","width":2048,"height":1536},"_position":{"__type__":"cc.Vec2","x":1024,"y":768}},{"__type__":"cc.Node","_name":"title_node","_parent":{"__id__":13},"_children":[{"__id__":15}],"_active":false,"_components":[{"__type__":"5b283IiR/BBgLkN+zazJigp","node":{"__id__":14},"label":{"__id__":17}}],"_prefab":{"__type__":"cc.PrefabInfo","root":{"__id__":14},"fileId":"46425DZGQhGx7RaQLMPb07l"},"_position":{"__type__":"cc.Vec2","y":768}},{"__type__":"cc.Node","_name":"biaotikuang-zhong","_parent":{"__id__":14},"_children":[{"__id__":16}],"_components":[{"__type__":"cc.Sprite","node":{"__id__":15},"_spriteFrame":{"__uuid__":"b06d5caa-bfb3-4526-9c8a-7f4b48aa70c3"}}],"_prefab":{"__type__":"cc.PrefabInfo","root":{"__id__":14},"fileId":"f5bd1VBKuBPFZsu8XIePWfp"},"_contentSize":{"__type__":"cc.Size","width":505,"height":147},"_position":{"__type__":"cc.Vec2","y":-95.5}},{"__type__":"cc.Node","_name":"label","_parent":{"__id__":15},"_components":[{"__id__":17},{"__type__":"cc.LabelOutline","node":{"__id__":16},"_color":{"__type__":"cc.Color","r":11,"g":43,"b":61},"_width":5}],"_prefab":{"__type__":"cc.PrefabInfo","root":{"__id__":14},"fileId":"b383cJ6Zm9Es5Vi/BAUhxQd"},"_color":{"__type__":"cc.Color","r":255,"g":222},"_contentSize":{"__type__":"cc.Size","width":112,"height":56}},{"__type__":"cc.Label","node":{"__id__":16},"_useOriginalSize":false,"_actualFontSize":56,"_fontSize":56,"_lineHeight":56,"_N$string":"标题","_N$horizontalAlign":1,"_N$verticalAlign":1,"_N$fontFamily":"FZY4JW--GB1-0"},{"__type__":"cc.Node","_name":"question_node","_parent":{"__id__":13}},{"__type__":"cc.Node","_name":"feedbackPic","_parent":{"__id__":13},"_children":[{"__id__":20},{"__id__":21},{"__id__":22}],"_components":[{"__type__":"cc.Sprite","node":{"__id__":19},"_spriteFrame":{"__uuid__":"795032b1-ec28-4c63-b041-b89ae58c5704"}}],"_contentSize":{"__type__":"cc.Size","width":1031,"height":1032},"_position":{"__type__":"cc.Vec2","x":342,"y":-17}},{"__type__":"cc.Node","_name":"finishBG","_parent":{"__id__":19},"_components":[{"__type__":"cc.Sprite","node":{"__id__":20},"_spriteFrame":{"__uuid__":"773f5e11-5b7b-4e1b-a5e9-f172d27312a0"}},{"__type__":"cc.Animation","node":{"__id__":20},"_defaultClip":{"__uuid__":"13217cd8-f3dc-47f9-846e-ae9ba569d8f1"},"_clips":[{"__uuid__":"13217cd8-f3dc-47f9-846e-ae9ba569d8f1"}]}]},{"__type__":"cc.Node","_name":"finishAnim","_parent":{"__id__":19},"_components":[{"__type__":"cc.Sprite","node":{"__id__":21},"_spriteFrame":{"__uuid__":"40bad1e6-2db9-4f48-b37b-20b16855fb24"}},{"__type__":"cc.Animation","node":{"__id__":21},"_defaultClip":{"__uuid__":"8cf7f9eb-0d28-4dc7-b284-82a94041ecc6"},"_clips":[{"__uuid__":"8cf7f9eb-0d28-4dc7-b284-82a94041ecc6"}]}],"_position":{"__type__":"cc.Vec2","y":91}},{"__type__":"cc.Node","_name":"review","_parent":{"__id__":19},"_components":[{"__type__":"cc.Sprite","node":{"__id__":22},"_spriteFrame":{"__uuid__":"b81d2b95-1da7-447d-acde-92652d295536"}},{"__type__":"cc.Button","node":{"__id__":22},"transition":2,"pressedSprite":{"__uuid__":"a5729f71-9b55-4726-b3c2-42c1e480deaf"},"clickEvents":[{"__type__":"cc.ClickEvent","target":{"__id__":13},"component":"GameJS","handler":"resetGame"}],"_N$normalSprite":{"__uuid__":"b81d2b95-1da7-447d-acde-92652d295536"},"_N$target":{"__id__":22}}],"_contentSize":{"__type__":"cc.Size","width":583,"height":132},"_position":{"__type__":"cc.Vec2","y":-422}},{"__type__":"cc.Node","_name":"wordPic","_parent":{"__id__":13},"_children":[{"__id__":24},{"__id__":25},{"__id__":26}],"_components":[{"__type__":"cc.Sprite","node":{"__id__":23}},{"__type__":"cc.Button","node":{"__id__":23},"clickEvents":[{"__type__":"cc.ClickEvent","target":{"__id__":13},"component":"bingoJS","handler":"wordSoundFunc"}],"_N$target":{"__id__":23}}],"_contentSize":{"__type__":"cc.Size","width":456,"height":456},"_position":{"__type__":"cc.Vec2","x":-603.3,"y":-13}},{"__type__":"cc.Node","_name":"New Sprite(Splash)","_parent":{"__id__":23},"_components":[{"__type__":"cc.Sprite","node":{"__id__":24},"_spriteFrame":{"__uuid__":"b4f5d71d-f2b1-44d9-af47-8336c6f89341"},"_sizeMode":0}],"_opacity":100,"_color":{"__type__":"cc.Color"},"_contentSize":{"__type__":"cc.Size","width":484,"height":484},"_position":{"__type__":"cc.Vec2","x":14,"y":-14}},{"__type__":"cc.Node","_name":"New Sprite(Splash)","_parent":{"__id__":23},"_components":[{"__type__":"cc.Sprite","node":{"__id__":25},"_spriteFrame":{"__uuid__":"b4f5d71d-f2b1-44d9-af47-8336c6f89341"},"_sizeMode":0}],"_color":{"__type__":"cc.Color","r":165,"g":234,"b":53},"_contentSize":{"__type__":"cc.Size","width":484,"height":484}},{"__type__":"cc.Node","_name":"picSpriteNode","_parent":{"__id__":23},"_children":[{"__id__":27}],"_components":[{"__type__":"cc.Sprite","node":{"__id__":26},"_spriteFrame":{"__uuid__":"b4f5d71d-f2b1-44d9-af47-8336c6f89341"}}],"_prefab":{"__type__":"cc.PrefabInfo","root":{"__id__":26},"fileId":"fc4f3Vyyd1KZ7fAxrjdctTg"},"_contentSize":{"__type__":"cc.Size","width":456,"height":456}},{"__type__":"cc.Node","_name":"picSprite","_parent":{"__id__":26},"_components":[{"__id__":28}],"_prefab":{"__type__":"cc.PrefabInfo","root":{"__id__":27},"fileId":"ab061PdEzRJqLjsoAAeMeHL"},"_contentSize":{"__type__":"cc.Size","width":40,"height":36}},{"__type__":"cc.Sprite","node":{"__id__":27}},{"__type__":"cc.Node","_name":"questionNumScrollView_node","_parent":{"__id__":13},"_children":[{"__id__":30},{"__id__":31},{"__id__":34}],"_active":false,"_components":[{"__type__":"cc.ScrollView","node":{"__id__":29},"_enabled":false,"content":{"__id__":30},"vertical":false,"inertia":false,"brake":0.8,"elastic":false},{"__type__":"cc.Widget","node":{"__id__":29},"_alignFlags":33,"_right":18,"_top":36},{"__type__":"7a656I23ulAK7kDASga7f0X","node":{"__id__":29},"lastBtn":{"__id__":31},"nextBtn":{"__id__":34},"quertionNum":{"__uuid__":"6e8f92f9-4a65-4236-b44b-b1d4836d3cf1"},"questionNum_node":{"__id__":30}}],"_prefab":{"__type__":"cc.PrefabInfo","root":{"__id__":29},"fileId":"8c00fwaLetFbb4m39u+QawN"},"_contentSize":{"__type__":"cc.Size","width":720,"height":160},"_position":{"__type__":"cc.Vec2","x":646,"y":652}},{"__type__":"cc.Node","_name":"questionNum_node","_parent":{"__id__":29},"_components":[{"__type__":"cc.Layout","node":{"__id__":30},"_layoutSize":{"__type__":"cc.Size","width":560,"height":160},"_N$layoutType":1,"_N$spacingY":20}],"_prefab":{"__type__":"cc.PrefabInfo","root":{"__id__":29},"fileId":"25c5bgaZfxF3I+e/2Foql5S"},"_contentSize":{"__type__":"cc.Size","width":560,"height":160}},{"__type__":"cc.Node","_name":"btnLast","_parent":{"__id__":29},"_children":[{"__id__":32},{"__id__":33}],"_components":[{"__type__":"cc.Widget","node":{"__id__":31},"_alignFlags":8},{"__type__":"cc.Button","node":{"__id__":31},"transition":2,"pressedSprite":{"__uuid__":"c88f63b5-03d9-4081-9382-998c3df83fa4"},"hoverSprite":{"__uuid__":"c88f63b5-03d9-4081-9382-998c3df83fa4"},"clickEvents":[{"__type__":"cc.ClickEvent","target":{"__id__":29},"component":"QuestionNumListJS","handler":"clickLast"}],"_N$normalSprite":{"__uuid__":"8e231831-ecb3-4e69-87d4-9c748adcb69e"},"_N$target":{"__id__":31}}],"_prefab":{"__type__":"cc.PrefabInfo","root":{"__id__":29},"fileId":"b8a66KUiltAlZw3ZXXhR+yd"},"_contentSize":{"__type__":"cc.Size","width":80,"height":80},"_position":{"__type__":"cc.Vec2","x":-320}},{"__type__":"cc.Node","_name":"btnLast","_parent":{"__id__":31},"_components":[{"__type__":"cc.Sprite","node":{"__id__":32},"_spriteFrame":{"__uuid__":"8e231831-ecb3-4e69-87d4-9c748adcb69e"}}],"_prefab":{"__type__":"cc.PrefabInfo","root":{"__id__":29},"fileId":"b1d3bZPWydEo4muQrVU3Fbx"},"_contentSize":{"__type__":"cc.Size","width":51,"height":40}},{"__type__":"cc.Node","_name":"btnLast1","_parent":{"__id__":31},"_components":[{"__type__":"cc.Sprite","node":{"__id__":33},"_spriteFrame":{"__uuid__":"c88f63b5-03d9-4081-9382-998c3df83fa4"}}],"_prefab":{"__type__":"cc.PrefabInfo","root":{"__id__":29},"fileId":"e4a6fRBImNAuJC6uYAdRVI0"},"_contentSize":{"__type__":"cc.Size","width":52,"height":40}},{"__type__":"cc.Node","_name":"btnNext","_parent":{"__id__":29},"_children":[{"__id__":35},{"__id__":36}],"_components":[{"__type__":"cc.Widget","node":{"__id__":34},"_alignFlags":32},{"__type__":"cc.Button","node":{"__id__":34},"transition":2,"pressedSprite":{"__uuid__":"c1c500c1-c479-45ed-92ce-0c7d053b4b05"},"hoverSprite":{"__uuid__":"c1c500c1-c479-45ed-92ce-0c7d053b4b05"},"clickEvents":[{"__type__":"cc.ClickEvent","target":{"__id__":29},"component":"QuestionNumListJS","handler":"clickNext"}],"_N$normalSprite":{"__uuid__":"502bede1-0c01-4b2f-9710-abebffa15ac5"},"_N$target":{"__id__":34}}],"_prefab":{"__type__":"cc.PrefabInfo","root":{"__id__":29},"fileId":"e174cZ5hFRFLpc3RtrZLQNj"},"_contentSize":{"__type__":"cc.Size","width":80,"height":80},"_position":{"__type__":"cc.Vec2","x":320}},{"__type__":"cc.Node","_name":"btnNext","_parent":{"__id__":34},"_components":[{"__type__":"cc.Sprite","node":{"__id__":35},"_spriteFrame":{"__uuid__":"502bede1-0c01-4b2f-9710-abebffa15ac5"}}],"_prefab":{"__type__":"cc.PrefabInfo","root":{"__id__":29},"fileId":"66881UspdFBtqaQA2FIgry6"},"_contentSize":{"__type__":"cc.Size","width":47,"height":42}},{"__type__":"cc.Node","_name":"btnNext1","_parent":{"__id__":34},"_components":[{"__type__":"cc.Sprite","node":{"__id__":36},"_spriteFrame":{"__uuid__":"c1c500c1-c479-45ed-92ce-0c7d053b4b05"}}],"_prefab":{"__type__":"cc.PrefabInfo","root":{"__id__":29},"fileId":"4cd5dfoKcVAv4RYlu+tD4gU"},"_contentSize":{"__type__":"cc.Size","width":47,"height":42}},{"__type__":"cc.Node","_name":"option_node","_parent":{"__id__":13},"_components":[{"__type__":"cc.Layout","node":{"__id__":37},"_layoutSize":{"__type__":"cc.Size","width":720,"height":290},"_resize":1,"_N$layoutType":1,"_N$spacingX":70}],"_contentSize":{"__type__":"cc.Size","width":720,"height":290},"_position":{"__type__":"cc.Vec2","y":-615}},{"__type__":"cc.Node","_name":"paopao_node","_parent":{"__id__":13},"_components":[{"__type__":"cc.Widget","node":{"__id__":38},"_alignFlags":12}],"_position":{"__type__":"cc.Vec2","x":-1024,"y":-768}},{"__type__":"cc.Node","_name":"laba","_parent":{"__id__":13},"_components":[{"__type__":"cc.Sprite","node":{"__id__":39},"_spriteFrame":{"__uuid__":"ee23efc5-6e82-4cf1-9f86-24e71936b2a1"}},{"__type__":"cc.Button","node":{"__id__":39},"transition":2,"pressedSprite":{"__uuid__":"b5a6f39c-06bc-4016-9931-3502ca0a55e9"},"clickEvents":[{"__type__":"cc.ClickEvent","target":{"__id__":13},"component":"bingoJS","handler":"wordSoundFunc"}],"_N$normalSprite":{"__uuid__":"ee23efc5-6e82-4cf1-9f86-24e71936b2a1"},"_N$target":{"__id__":39}}],"_contentSize":{"__type__":"cc.Size","width":114,"height":115},"_position":{"__type__":"cc.Vec2","x":-603,"y":-474}},{"__type__":"cc.Node","_name":"soundLabel","_parent":{"__id__":13},"_children":[{"__id__":41}],"_components":[{"__type__":"cc.Sprite","node":{"__id__":40},"_spriteFrame":{"__uuid__":"cf32d00d-ff23-47e3-a595-b3ca8a445940"},"_sizeMode":0}],"_contentSize":{"__type__":"cc.Size","width":500,"height":110},"_position":{"__type__":"cc.Vec2","x":-599,"y":-344}},{"__type__":"cc.Node","_name":"askLabel","_parent":{"__id__":40},"_components":[{"__id__":42}],"_contentSize":{"__type__":"cc.Size","height":100},"_position":{"__type__":"cc.Vec2","y":3}},{"__type__":"cc.Label","node":{"__id__":41},"_useOriginalSize":false,"_actualFontSize":100,"_fontSize":100,"_lineHeight":100,"_N$file":{"__uuid__":"62bcf23b-821a-4acb-9000-b1c815c6f0c6"},"_isSystemFontUsed":false,"_N$string":"","_N$horizontalAlign":1,"_N$verticalAlign":1,"_N$fontFamily":"Arial Black"},{"__type__":"cc.Node","_name":"startNode","_parent":{"__id__":1},"_children":[{"__id__":44},{"__id__":45}],"_id":"b05e9LNGjlC9LL12NjQEz6o"},{"__type__":"cc.Node","_name":"bingostartBg","_parent":{"__id__":43},"_components":[{"__type__":"cc.Sprite","node":{"__id__":44},"_spriteFrame":{"__uuid__":"b04fbe4f-359d-433a-af09-bd93fa20e05a"}}],"_contentSize":{"__type__":"cc.Size","width":2048,"height":1536},"_position":{"__type__":"cc.Vec2","x":1024,"y":768}},{"__type__":"cc.Node","_name":"play agme","_parent":{"__id__":43},"_components":[{"__type__":"cc.Sprite","node":{"__id__":45},"_spriteFrame":{"__uuid__":"178b7b4d-77bd-4a3e-be4e-bd1697d4f46d"}},{"__type__":"cc.Button","node":{"__id__":45},"transition":2,"pressedSprite":{"__uuid__":"0e419108-3b1f-416b-a96d-ff6b2788d435"},"clickEvents":[{"__type__":"cc.ClickEvent","target":{"__id__":13},"component":"GameJS","handler":"playFunc"}],"_N$normalSprite":{"__uuid__":"178b7b4d-77bd-4a3e-be4e-bd1697d4f46d"},"_N$target":{"__id__":45}}],"_contentSize":{"__type__":"cc.Size","width":583,"height":132},"_position":{"__type__":"cc.Vec2","x":853,"y":384}}],{"__type__":"cc.SpriteFrame","content":{"name":"btnNext1","texture":"eb372505-4dd5-4235-bf42-c76b970da81b","rect":[16,19,47,42],"offset":[-0.5,0],"originalSize":[80,80]}},{"__type__":"cc.SpriteFrame","content":{"name":"wordShow_00001","texture":"4d0d47b1-2c30-463e-acd8-0b6fee10e987","rect":[14,22,318,319],"offset":[0,-8.5],"originalSize":[346,346]}},{"__type__":"cc.SpriteFrame","content":{"name":"finish_00003","texture":"6e50271c-6765-4c70-97d9-4d8483567f5a","rect":[369,24,770,748],"offset":[141,-4.5],"originalSize":[1226,787]}},{"__type__":"cc.SpriteFrame","content":{"name":"btnLast1","texture":"500e5f62-b976-48d5-989e-9bbc19f083de","rect":[14,20,52,40],"offset":[0,0],"originalSize":[80,80]}},{"__type__":"cc.SpriteFrame","content":{"name":"finish_00016","texture":"5af838f2-1874-4cb6-95cb-986403bdd559","rect":[345,34,761,746],"offset":[112.5,-13.5],"originalSize":[1226,787]}},{"__type__":"cc.SpriteFrame","content":{"name":"bingo5","texture":"6c32352d-ea14-40a0-9d36-635034ea6780","rect":[0,0,343,343],"offset":[0,0],"originalSize":[343,343]}},{"__type__":"cc.SpriteFrame","content":{"name":"finishbg_00007","texture":"5e97493d-543b-44fa-89f2-cdaa4d58bd16","rect":[1,0,1031,1030],"offset":[0.5,0.5],"originalSize":[1032,1031]}},{"__type__":"cc.SpriteFrame","content":{"name":"finishbg_00005","texture":"e3bfc90f-6788-426f-82e2-661ca679a99d","rect":[1,0,1031,1030],"offset":[0.5,0.5],"originalSize":[1032,1031]}},{"__type__":"cc.SpriteFrame","content":{"name":"soundLabel","texture":"4365cd83-de99-442c-a243-9264ee6dda1b","rect":[2,2,312,99],"offset":[0.5,1.5],"originalSize":[315,106],"capInsets":[23,27,23,20]}},{"__type__":"cc.SpriteFrame","content":{"name":"wordShow_00005","texture":"a0024b82-d40e-4aed-81b3-19ff7f1a101d","rect":[0,0,346,346],"offset":[0,0],"originalSize":[346,346]}},{"__type__":"cc.SpriteFrame","content":{"name":"bingo7","texture":"2cc338d2-4993-4d3d-8fa6-3a93a8d337f7","rect":[0,0,343,344],"offset":[0,0],"originalSize":[343,344]}},{"__type__":"cc.SpriteFrame","content":{"name":"wrong_00005","texture":"94109483-5770-4801-a9cd-57297f735d31","rect":[8,9,328,328],"offset":[-1,0],"originalSize":[346,346]}},{"__type__":"cc.SpriteFrame","content":{"name":"finish_00013","texture":"f60faadc-9dd3-465c-a6ad-27df1b6e8e38","rect":[369,24,770,751],"offset":[141,-6],"originalSize":[1226,787]}},{"__type__":"cc.SpriteFrame","content":{"name":"bg","texture":"e1437ffb-f4ab-4cc7-824b-9ffa2b63b789","rect":[0,0,2048,1536],"offset":[0,0],"originalSize":[2048,1536]}},{"__type__":"cc.SpriteFrame","content":{"name":"right_00006","texture":"3014181e-9aa3-4ea5-b69e-bd36d7d20e7a","rect":[346,346,0,0],"offset":[173,-173],"originalSize":[346,346]}},{"__type__":"cc.SpriteFrame","content":{"name":"bingo4","texture":"273ecc7c-08e6-462d-bf79-f0de53ea580c","rect":[0,0,343,344],"offset":[0,0],"originalSize":[343,344]}},{"__type__":"cc.SpriteFrame","content":{"name":"finish_00008","texture":"bc2bb990-3f06-459f-8d47-5a10befc3504","rect":[369,24,770,748],"offset":[141,-4.5],"originalSize":[1226,787]}},{"__type__":"cc.SpriteFrame","content":{"name":"labaUnpress","texture":"cd3de7af-c3dd-4f9e-872f-48e1ddc07554","rect":[0,0,114,115],"offset":[0,0],"originalSize":[114,115]}},{"__type__":"cc.SpriteFrame","content":{"name":"right_00001","texture":"118fa44e-7a5f-43d2-9fb1-6f22eb7debab","rect":[57,61,232,220],"offset":[0,2],"originalSize":[346,346]}},{"__type__":"cc.AnimationClip","_name":"showText","_duration":0.6166666666666667,"curveData":{"comps":{"cc.Sprite":{"spriteFrame":[{"frame":0,"value":{"__uuid__":"b3433219-9ba2-4745-8d20-ea7c3678cb68"}},{"frame":0.1,"value":{"__uuid__":"c342bc85-2998-4a97-ba1e-65873cd2caa5"}},{"frame":0.2,"value":{"__uuid__":"a62eeeae-d596-4e8f-b9c0-9dbf1bf46693"}},{"frame":0.3,"value":{"__uuid__":"ba6234a9-5a2f-483e-ab0b-182240e3fc0c"}},{"frame":0.4,"value":{"__uuid__":"100e81c4-149b-4404-99b4-158fd7483336"}},{"frame":0.5,"value":{"__uuid__":"d1062e13-cbf4-4814-b194-9232467cafdd"}},{"frame":0.6,"value":{"__uuid__":"adbce7b8-a2d5-4fe9-9482-6147f715298d"}}]}}}},{"__type__":"cc.SpriteFrame","content":{"name":"wrong_00007","texture":"77fe3e5b-1bf5-42d5-8b50-ebb4c77922c5","rect":[8,9,327,328],"offset":[-1.5,0],"originalSize":[346,346]}}]