{
  "__type__": "cc.AnimationClip",
  "_name": "Collect",
  "_objFlags": 0,
  "_rawFiles": null,
  "_duration": 0.9,
  "sample": 60,
  "speed": 1,
  "wrapMode": 1,
  "curveData": {
    "props": {
      "opacity": [
        {
          "frame": 0,
          "value": 0
        },
        {
          "frame": 0.2833333333333333,
          "value": 255
        },
        {
          "frame": 0.5666666666666667,
          "value": 255
        },
        {
          "frame": 0.8833333333333333,
          "value": 0
        }
      ],
      "scaleX": [
        {
          "frame": 0,
          "value": 1.18,
          "curve": "linear"
        },
        {
          "frame": 0.8833333333333333,
          "value": 2.04
        }
      ],
      "scaleY": [
        {
          "frame": 0,
          "value": 1.18,
          "curve": "linear"
        },
        {
          "frame": 0.8833333333333333,
          "value": 2.04
        }
      ],
      "position": [
        {
          "frame": 0,
          "value": [
            8,
            -7
          ]
        }
      ]
    },
    "comps": {
      "cc.Sprite": {
        "spriteFrame": [
          {
            "frame": 0,
            "value": {
              "__uuid__": "050b121c-43c9-413a-9e2e-e016c262e90e"
            }
          }
        ]
      }
    }
  },
  "events": [
    {
      "frame": 0.9,
      "func": "showFeedbackFinish",
      "params": []
    }
  ]
}