{"frameRate":24,"isGlobal":0,"armature":[{"canvas":{"width":1228.8,"y":0,"height":921.5999999999999,"color":16777215,"x":0},"aabb":{"width":1107.60000892722,"y":-336,"height":796.800018368472,"x":-493.2},"type":"armature","frameRate":24,"skin":[{"name":"","slot":[{"display":[{"path":"t","type":"image","name":"t","transform":{"y":10.96848,"skX":74.3381,"x":40.55688,"skY":74.3381}}],"name":"t"},{"display":[{"path":"c","type":"image","name":"c","transform":{"y":-1.20996,"skX":109.3861,"x":42.5649,"skY":109.3861}}],"name":"c"},{"display":[{"path":"s","type":"image","name":"s","transform":{"y":-29.20548,"skX":80.7325,"x":61.438559999999995,"skY":80.7325}}],"name":"s"},{"display":[{"path":"a","type":"image","name":"a","transform":{"y":4.83852,"skX":95.0753,"x":22.9419,"skY":95.0753}}],"name":"a"},{"display":[{"path":"lele-head","type":"image","name":"lele-head","transform":{"y":-6.0231,"skX":103.0903,"x":163.3797,"skY":103.0903}}],"name":"lele-head"},{"display":[{"path":"shoubi","type":"image","name":"shoubi","transform":{"y":10.353959999999999,"skX":-21.3944,"x":52.19358,"skY":-21.3944}}],"name":"shoubi"},{"display":[{"path":"r","type":"image","name":"r","transform":{"y":-3.10188,"skX":102.171,"x":30.86778,"skY":102.171}}],"name":"r"},{"display":[{"path":"e_0","type":"image","name":"e_0","transform":{"y":3.8909399999999996,"skX":86.8558,"x":32.542379999999994,"skY":86.8558}}],"name":"e_0"},{"display":[{"path":"eyes","type":"image","name":"eyes","transform":{"y":-19.349999999999998,"x":41.4}}],"name":"eyes"},{"display":[{"path":"e","type":"image","name":"e","transform":{"y":-2.64024,"skX":112.9128,"x":30.200819999999997,"skY":112.9128}}],"name":"e"},{"display":[{"path":"h","type":"image","name":"h","transform":{"y":14.475179999999998,"skX":73.1633,"x":52.116659999999996,"skY":73.1633}}],"name":"h"},{"display":[{"path":"s_0","type":"image","name":"s_0","transform":{"y":2.26596,"skX":95.1309,"x":41.00166,"skY":95.1309}}],"name":"s_0"},{"display":[{"path":"lele-eyes","type":"image","name":"lele-eyes","transform":{"y":17.4519,"skX":-174.35,"x":34.0995,"skY":-174.35}},{"path":"lele-eyes1","type":"image","name":"lele-eyes1","transform":{"y":16.03602,"skX":-174.35,"x":34.92408,"skY":-174.35}},{"path":"lele-eyes2","type":"image","name":"lele-eyes2","transform":{"y":11.7702,"skX":-174.35,"x":35.60136,"skY":-174.35}}],"name":"lele-eyes"},{"display":[{"path":",","type":"image","name":",","transform":{"y":5.43906,"skX":100.2944,"x":14.50146,"skY":100.2944}}],"name":","},{"display":[{"path":"body","type":"image","name":"body","transform":{"y":7.92372,"skX":122.6186,"x":31.080899999999996,"skY":122.6186}}],"name":"body"},{"display":[{"path":"kuzi","type":"image","name":"kuzi","transform":{"y":2.73156,"skX":133.7823,"x":32.20332,"skY":133.7823}}],"name":"kuzi"},{"display":[{"path":"l","type":"image","name":"l","transform":{"y":30.288179999999997,"skX":93.8118,"x":64.69962,"skY":93.8118}}],"name":"l"},{"display":[{"path":"fangdajing","type":"image","name":"fangdajing","transform":{"y":24.299039999999998,"skX":-119.6004,"x":71.04432,"skY":-119.6004}}],"name":"fangdajing"}]}],"bone":[{"name":"root","transform":{}},{"transform":{"y":-278.46,"x":-235.01999999999998},"name":"bone1","parent":"root"},{"transform":{"y":283.89,"x":-84.21},"name":"bone2","parent":"root"},{"transform":{"y":492,"x":520.68},"name":"bone","parent":"root"},{"length":84,"transform":{"y":194.54999999999998,"skX":-74.3381,"x":63.209999999999994,"skY":-74.3381},"parent":"bone1","name":"t"},{"length":44.4,"transform":{"y":-38.459999999999994,"skX":-133.7823,"x":70.83,"skY":-133.7823},"parent":"bone","name":"kuzi"},{"length":72,"transform":{"y":202.43999999999997,"skX":-86.8558,"x":-11.85,"skY":-86.8558},"parent":"bone1","name":"e_0"},{"length":148.2,"transform":{"y":227.13,"skX":-93.8118,"x":-165.9,"skY":-93.8118},"parent":"bone1","name":"l"},{"length":134.4,"transform":{"y":-124.94999999999999,"skX":-80.7325,"x":-162.96,"skY":-80.7325},"parent":"bone2","name":"s"},{"length":90.6,"transform":{"y":29.91,"x":-213.18},"parent":"bone1","name":"eyes"},{"length":88.2,"transform":{"y":220.2,"skX":-95.1309,"x":210.33,"skY":-95.1309},"parent":"bone1","name":"s_0"},{"length":70.8,"transform":{"y":-167.07,"skX":-102.171,"x":119.55,"skY":-102.171},"parent":"bone2","name":"r"},{"length":43.8,"transform":{"y":142.2,"skX":-100.2944,"x":136.26,"skY":-100.2944},"parent":"bone1","name":","},{"length":77.39999999999999,"transform":{"y":-135.84,"skX":-109.3861,"x":225.48,"skY":-109.3861},"parent":"bone2","name":"c"},{"length":107.39999999999999,"transform":{"y":-120.89999999999999,"skX":-73.1633,"x":281.16,"skY":-73.1633},"parent":"bone2","name":"h"},{"length":66,"transform":{"y":-146.7,"skX":-112.9128,"x":-54.3,"skY":-112.9128},"parent":"bone2","name":"e"},{"length":61.199999999999996,"transform":{"y":-158.91,"skX":-95.0753,"x":19.02,"skY":-95.0753},"parent":"bone2","name":"a"},{"length":91.2,"transform":{"y":0.9983399999999999,"skX":11.1637,"x":54.84851999999999,"skY":11.1637},"parent":"kuzi","name":"body"},{"length":75,"transform":{"y":-7.216619999999999,"skX":19.5283,"x":97.08215999999999,"skY":19.5283},"parent":"body","name":"lele-head"},{"length":109.2,"transform":{"y":-14.6121,"skX":-117.781,"x":92.48328,"skY":-117.781},"parent":"body","name":"fangdajing"},{"length":96,"transform":{"y":10.64802,"skX":144.013,"x":90.10128,"skY":144.013},"parent":"body","name":"shoubi"},{"length":75.6,"transform":{"y":27.40326,"skX":-82.5596,"x":120.89508000000001,"skY":-82.5596},"parent":"lele-head","name":"lele-eyes"}],"defaultActions":[{"gotoAndPlay":"newAnimation"}],"animation":[{"duration":40,"frame":[],"zOrder":{"frame":[{"duration":40,"tweenEasing":null,"zOrder":[1,10,2,0,12,-9]},{"duration":0,"tweenEasing":null,"zOrder":[2,1,12,-8]}]},"bone":[{"frame":[{"duration":0,"transform":{}}],"name":"root"},{"frame":[{"duration":0,"transform":{}}],"name":"bone"},{"frame":[{"duration":10,"tweenEasing":0,"transform":{"skX":-1.0743,"skY":-1.0743}},{"duration":3,"tweenEasing":0,"transform":{"skX":-1.0743,"skY":-1.0743}},{"duration":5,"tweenEasing":0,"transform":{"skX":0.8647,"skY":0.8647}},{"duration":6,"tweenEasing":0,"transform":{"skX":-1.3513,"skY":-1.3513}},{"duration":5,"tweenEasing":0,"transform":{"skX":0.8647,"skY":0.8647}},{"duration":2,"tweenEasing":0,"transform":{"skX":-1.3513,"skY":-1.3513}},{"duration":9,"tweenEasing":0,"transform":{"skX":-1.0743,"skY":-1.0743}},{"duration":0,"transform":{"skX":-1.0743,"skY":-1.0743}}],"name":"kuzi"},{"frame":[{"duration":10,"tweenEasing":0,"transform":{}},{"duration":8,"tweenEasing":0,"transform":{}},{"duration":11,"tweenEasing":0,"transform":{}},{"duration":2,"tweenEasing":0,"transform":{}},{"duration":9,"tweenEasing":0,"transform":{}},{"duration":0,"transform":{}}],"name":"body"},{"frame":[{"duration":10,"tweenEasing":0,"transform":{"skX":3.1052,"skY":3.1052}},{"duration":4,"tweenEasing":0,"transform":{"skX":3.1052,"skY":3.1052}},{"duration":5,"tweenEasing":0,"transform":{"skX":24.8418,"skY":24.8418}},{"duration":5,"tweenEasing":0,"transform":{}},{"duration":6,"tweenEasing":0,"transform":{"skX":24.8418,"skY":24.8418}},{"duration":2,"tweenEasing":0,"transform":{"skX":4.6482,"skY":4.6482}},{"duration":8,"tweenEasing":0,"transform":{"skX":3.1052,"skY":3.1052}},{"duration":0,"transform":{"skX":3.1052,"skY":3.1052}}],"name":"fangdajing"},{"frame":[{"duration":10,"tweenEasing":0,"transform":{"skX":-6.2887,"skY":-6.2887}},{"duration":3,"tweenEasing":0,"transform":{"skX":-6.2887,"skY":-6.2887}},{"duration":5,"tweenEasing":0,"transform":{"skX":-8.3796,"skY":-8.3796}},{"duration":6,"tweenEasing":0,"transform":{"skX":-5.99,"skY":-5.99}},{"duration":5,"tweenEasing":0,"transform":{"skX":-8.3796,"skY":-8.3796}},{"duration":2,"tweenEasing":0,"transform":{"skX":-5.99,"skY":-5.99}},{"duration":9,"tweenEasing":0,"transform":{"skX":-6.2887,"skY":-6.2887}},{"duration":0,"transform":{"skX":-6.2887,"skY":-6.2887}}],"name":"shoubi"},{"frame":[{"duration":10,"tweenEasing":0,"transform":{"skX":1.1243,"skY":1.1243}},{"duration":3,"tweenEasing":0,"transform":{"skX":1.1243,"skY":1.1243}},{"duration":5,"tweenEasing":0,"transform":{"skX":8.9946,"skY":8.9946}},{"duration":6,"tweenEasing":0,"transform":{}},{"duration":5,"tweenEasing":0,"transform":{"skX":8.9946,"skY":8.9946}},{"duration":2,"tweenEasing":0,"transform":{}},{"duration":9,"tweenEasing":0,"transform":{"skX":1.1243,"skY":1.1243}},{"duration":0,"transform":{"skX":1.1243,"skY":1.1243}}],"name":"lele-head"},{"frame":[{"duration":10,"tweenEasing":0,"transform":{}},{"duration":8,"tweenEasing":0,"transform":{}},{"duration":11,"tweenEasing":0,"transform":{}},{"duration":2,"tweenEasing":0,"transform":{}},{"duration":9,"tweenEasing":0,"transform":{}},{"duration":0,"transform":{}}],"name":"lele-eyes"},{"frame":[{"duration":0,"transform":{}}],"name":"bone1"},{"frame":[{"duration":4,"curve":[0.5,0,0.5,1],"transform":{}},{"duration":4,"curve":[0.5,0,0.5,1],"transform":{"scX":1.3,"scY":1.3}},{"duration":0,"transform":{}}],"name":"l"},{"frame":[{"duration":1,"transform":{}},{"duration":5,"curve":[0.5,0,0.5,1],"transform":{}},{"duration":4,"curve":[0.5,0,0.5,1],"transform":{"scX":1.3,"scY":1.3}},{"duration":0,"transform":{}}],"name":"e_0"},{"frame":[{"duration":3,"transform":{}},{"duration":4,"curve":[0.5,0,0.5,1],"transform":{}},{"duration":4,"curve":[0.5,0,0.5,1],"transform":{"scX":1.3,"scY":1.3}},{"duration":0,"transform":{}}],"name":"t"},{"frame":[{"duration":6,"transform":{}},{"duration":4,"curve":[0.5,0,0.5,1],"transform":{}},{"duration":4,"curve":[0.5,0,0.5,1],"transform":{"scX":1.3,"scY":1.3}},{"duration":0,"transform":{}}],"name":"s_0"},{"frame":[{"duration":7,"transform":{}},{"duration":4,"curve":[0.5,0,0.5,1],"transform":{}},{"duration":5,"curve":[0.5,0,0.5,1],"transform":{"scX":1.3,"scY":1.3}},{"duration":0,"transform":{}}],"name":","},{"frame":[{"duration":5,"curve":[0.5,0,0.5,1],"transform":{}},{"duration":4,"curve":[0.5,0,0.5,1],"transform":{"y":-39.20202,"scX":1.3,"scY":1.3}},{"duration":0,"transform":{}}],"name":"eyes"},{"frame":[{"duration":0,"transform":{}}],"name":"bone2"},{"frame":[{"duration":6,"transform":{}},{"duration":4,"curve":[0.5,0,0.5,1],"transform":{}},{"duration":4,"curve":[0.5,0,0.5,1],"transform":{"scX":1.3,"scY":1.3}},{"duration":0,"transform":{}}],"name":"s"},{"frame":[{"duration":7,"transform":{}},{"duration":5,"curve":[0.5,0,0.5,1],"transform":{}},{"duration":4,"curve":[0.5,0,0.5,1],"transform":{"scX":1.3,"scY":1.3}},{"duration":0,"transform":{}}],"name":"e"},{"frame":[{"duration":10,"transform":{}},{"duration":3,"curve":[0.5,0,0.5,1],"transform":{}},{"duration":4,"curve":[0.5,0,0.5,1],"transform":{"scX":1.3,"scY":1.3}},{"duration":0,"transform":{}}],"name":"a"},{"frame":[{"duration":12,"transform":{}},{"duration":4,"curve":[0.5,0,0.5,1],"transform":{}},{"duration":4,"curve":[0.5,0,0.5,1],"transform":{"scX":1.3,"scY":1.3}},{"duration":0,"transform":{}}],"name":"r"},{"frame":[{"duration":14,"transform":{}},{"duration":5,"curve":[0.5,0,0.5,1],"transform":{}},{"duration":4,"curve":[0.5,0,0.5,1],"transform":{"scX":1.3,"scY":1.3}},{"duration":0,"transform":{}}],"name":"c"},{"frame":[{"duration":16,"transform":{}},{"duration":4,"curve":[0.5,0,0.5,1],"transform":{}},{"duration":4,"curve":[0.5,0,0.5,1],"transform":{"scX":1.3,"scY":1.3}},{"duration":0,"transform":{}}],"name":"h"}],"ffd":[],"playTimes":0,"name":"newAnimation","slot":[{"frame":[{"tweenEasing":null,"duration":0}],"name":"fangdajing"},{"frame":[{"tweenEasing":null,"duration":0}],"name":"eyes"},{"frame":[{"tweenEasing":null,"duration":0}],"name":"c"},{"frame":[{"tweenEasing":null,"duration":0}],"name":"h"},{"frame":[{"tweenEasing":null,"duration":0}],"name":"a"},{"frame":[{"tweenEasing":null,"duration":0}],"name":"e"},{"frame":[{"tweenEasing":null,"duration":0}],"name":"s"},{"frame":[{"tweenEasing":null,"duration":0}],"name":"s_0"},{"frame":[{"tweenEasing":null,"duration":0}],"name":","},{"frame":[{"tweenEasing":null,"duration":0}],"name":"t"},{"frame":[{"tweenEasing":null,"duration":0}],"name":"e_0"},{"frame":[{"tweenEasing":null,"duration":0}],"name":"l"},{"frame":[{"tweenEasing":null,"duration":17},{"tweenEasing":0,"duration":8},{"tweenEasing":null,"duration":0}],"name":"r"},{"frame":[{"tweenEasing":null,"duration":0}],"name":"kuzi"},{"frame":[{"tweenEasing":null,"duration":0}],"name":"shoubi"},{"frame":[{"tweenEasing":null,"duration":0}],"name":"body"},{"frame":[{"tweenEasing":null,"duration":0}],"name":"lele-head"},{"frame":[{"tweenEasing":0,"duration":10},{"tweenEasing":0,"duration":15},{"tweenEasing":0,"duration":2},{"displayIndex":1,"tweenEasing":0,"duration":2},{"displayIndex":2,"tweenEasing":0,"duration":3},{"displayIndex":1,"tweenEasing":0,"duration":2},{"tweenEasing":null,"duration":0}],"name":"lele-eyes"}]}],"name":"armatureName","slot":[{"name":"fangdajing","parent":"fangdajing","color":{}},{"z":1,"name":"eyes","parent":"eyes","color":{}},{"z":2,"name":"c","parent":"c","color":{}},{"z":3,"name":"h","parent":"h","color":{}},{"z":4,"name":"a","parent":"a","color":{}},{"z":5,"name":"e","parent":"e","color":{}},{"z":6,"name":"s","parent":"s","color":{}},{"z":7,"name":"s_0","parent":"s_0","color":{}},{"z":8,"name":",","parent":",","color":{}},{"z":9,"name":"t","parent":"t","color":{}},{"z":10,"name":"e_0","parent":"e_0","color":{}},{"z":11,"name":"l","parent":"l","color":{}},{"z":12,"name":"r","parent":"r","color":{}},{"z":13,"name":"kuzi","parent":"kuzi","color":{}},{"z":14,"name":"shoubi","parent":"shoubi","color":{}},{"z":15,"name":"body","parent":"body","color":{}},{"z":16,"name":"lele-head","parent":"lele-head","color":{}},{"z":17,"name":"lele-eyes","parent":"lele-eyes","color":{}}],"ik":[]}],"name":"letssearch","version":"4.5"}