{"SubTexture":[{"width":130,"y":289,"height":110,"name":"fangdajing","x":437},{"width":117,"y":334,"height":155,"name":"h","x":318},{"width":102,"y":1,"height":115,"name":"c","x":601},{"width":86,"y":400,"height":106,"name":"r","x":693},{"width":89,"y":252,"height":86,"name":"a","x":681},{"width":95,"y":400,"height":95,"name":"e","x":781},{"width":140,"y":334,"height":168,"name":"s","x":176},{"width":110,"y":1,"height":128,"name":"s_0","x":489},{"width":40,"y":1,"height":86,"name":",","x":793},{"width":64,"y":118,"height":132,"name":"t","x":620},{"width":102,"y":400,"height":101,"name":"e_0","x":589},{"width":173,"y":334,"height":136,"name":"eyes","x":1},{"width":170,"y":1,"height":184,"name":"l","x":317},{"width":86,"y":1,"height":65,"name":"kuzi","x":705},{"width":110,"y":118,"height":69,"name":"shoubi","x":686},{"width":110,"y":283,"height":115,"name":"body","x":569},{"width":314,"y":1,"height":331,"name":"lele-head","x":1},{"width":150,"y":187,"height":94,"name":"lele-eyes1","x":468},{"width":149,"y":187,"height":100,"name":"lele-eyes","x":317},{"width":150,"y":401,"height":86,"name":"lele-eyes2","x":437}],"width":1024,"height":512,"name":"letssearch","imagePath":"letssearch_tex.png"}