{"SubTexture":[{"width":266,"y":259,"height":51,"name":"地影","x":200},{"width":40,"y":134,"height":49,"name":"右胳膊1","x":978},{"width":40,"y":329,"height":49,"name":"右胳膊","x":827},{"width":196,"y":170,"height":166,"name":"身体1","x":2},{"width":196,"y":2,"height":166,"name":"身体","x":2},{"width":71,"y":397,"height":74,"name":"右脚1","x":807},{"width":71,"y":253,"height":74,"name":"右脚","x":827},{"width":70,"y":77,"height":81,"name":"左脚1","x":833},{"width":70,"y":170,"height":81,"name":"左脚","x":812},{"width":256,"y":338,"height":106,"name":"腰花1","x":260},{"width":256,"y":338,"height":106,"name":"腰花","x":2},{"width":28,"y":258,"height":66,"name":"左胳膊","x":468},{"width":28,"y":185,"height":66,"name":"左胳膊1","x":980},{"width":143,"y":120,"height":116,"name":"花圈1","x":341},{"width":143,"y":2,"height":116,"name":"花圈","x":341},{"width":107,"y":135,"height":103,"name":"头部","x":614},{"width":126,"y":258,"height":121,"name":"kuan_head","x":518},{"width":126,"y":135,"height":121,"name":"kuan_head1","x":486},{"width":92,"y":160,"height":57,"name":"嘴巴","x":884},{"width":92,"y":75,"height":57,"name":"嘴巴1","x":905},{"width":63,"y":329,"height":80,"name":"右手","x":880},{"width":77,"y":2,"height":71,"name":"左手","x":884},{"width":77,"y":397,"height":71,"name":"左手1","x":728},{"width":87,"y":170,"height":67,"name":"大宽眼睛","x":723},{"width":103,"y":92,"height":76,"name":"kuan_eye1","x":728},{"width":103,"y":381,"height":87,"name":"eyegaoxing","x":518},{"width":103,"y":2,"height":73,"name":"kuan_eye2","x":767},{"width":103,"y":381,"height":80,"name":"eyeyun","x":623},{"width":97,"y":321,"height":74,"name":"眼睛直视","x":728},{"width":103,"y":240,"height":79,"name":"kuan_eye","x":646},{"width":26,"y":352,"height":26,"name":"头花1","x":646},{"width":26,"y":352,"height":26,"name":"头花","x":674},{"frameWidth":107,"y":219,"frameHeight":35,"frameY":-4,"width":94,"frameX":-4,"height":32,"name":"yun0002","x":884},{"frameWidth":107,"y":473,"frameHeight":35,"frameY":-3,"width":98,"frameX":-3,"height":29,"name":"yun0003","x":728},{"frameWidth":107,"y":321,"frameHeight":35,"frameY":-1,"width":80,"frameX":-2,"height":29,"name":"yun0006","x":646},{"frameWidth":107,"y":283,"frameHeight":35,"frameY":0,"width":99,"frameX":-2,"height":29,"name":"yun0005","x":900},{"frameWidth":107,"y":253,"frameHeight":35,"frameY":0,"width":103,"frameX":-4,"height":28,"name":"yun0004","x":900},{"frameWidth":107,"y":463,"frameHeight":35,"frameY":-5,"width":103,"frameX":0,"height":29,"name":"yun0001","x":623},{"frameWidth":200,"y":2,"frameHeight":168,"frameY":-36,"width":136,"frameX":-53,"height":131,"name":"boom0007","x":518},{"frameWidth":200,"y":2,"frameHeight":168,"frameY":-66,"width":109,"frameX":-70,"height":88,"name":"boom0009","x":656},{"frameWidth":200,"y":2,"frameHeight":168,"frameY":-42,"width":139,"frameX":-62,"height":122,"name":"boom0003","x":200},{"frameWidth":200,"y":126,"frameHeight":168,"frameY":-38,"width":126,"frameX":-60,"height":131,"name":"boom0005","x":200},{"frameWidth":200,"y":253,"frameHeight":168,"frameY":-80,"width":72,"frameX":-93,"height":65,"name":"boom0001","x":751}],"width":1024,"height":512,"name":"washazi","imagePath":"washazi_tex.png"}