{"frameRate":24,"isGlobal":0,"armature":[{"canvas":{"width":819.2,"y":0,"height":614.4000000000001,"color":16777215,"x":0},"aabb":{"width":266.40000000000003,"y":-57.942861069988524,"height":245.91520007245458,"x":173.9458614394225},"type":"armature","frameRate":24,"skin":[{"name":"","slot":[{"display":[{"path":"地影","type":"image","name":"地影","transform":{"y":-1.5274400000000001,"skX":-90,"x":-0.15116000000000002,"skY":-90,"scX":0.822,"scY":0.822}}],"name":"地影"},{"display":[{"path":"头部","type":"image","name":"头部","transform":{"y":3.2111199999999998,"skX":97.7313,"x":27.51816,"skY":97.7313}},{"path":"kuan_head","type":"image","name":"kuan_head","transform":{"y":2.1408,"skX":-103.2379,"x":27.44824,"skY":-103.2379,"scX":0.85,"scY":-0.85}},{"path":"kuan_head1","type":"image","name":"kuan_head1","transform":{"y":2.14,"skX":-103.24,"x":27.448000000000004,"skY":-103.24,"scX":0.85,"scY":-0.85}}],"name":"头部"},{"display":[{"path":"右手","type":"image","name":"右手","transform":{"y":-4.06228,"skX":-89.3538,"x":35.28804,"skY":-89.3538}},{"path":"左手","type":"image","name":"左手","transform":{"y":-2.09296,"skX":-28.7343,"x":37.99872,"skY":-28.7343}},{"path":"左手1","type":"image","name":"左手1","transform":{"y":-2.092,"skX":-28.73,"x":38,"skY":-28.73}}],"name":"右手"},{"display":[{"path":"右脚","type":"image","name":"右脚","transform":{"y":-6.55808,"skX":-84.3002,"x":35.98928,"skY":-84.3002}},{"path":"右脚1","type":"image","name":"右脚1","transform":{"y":-6.56,"skX":-84.3,"x":35.988,"skY":-84.3}}],"name":"右脚"},{"display":[{"path":"腰花","type":"image","name":"腰花","transform":{"y":-0.8944800000000002,"skX":88.0271,"x":25.047240000000002,"skY":88.0271,"scX":1.0589,"scY":-1}},{"path":"腰花1","type":"image","name":"腰花1","transform":{"y":-0.8960000000000001,"skX":88.03,"x":25.048000000000002,"skY":88.03,"scX":1.06,"scY":-1}}],"name":"腰花"},{"display":[{"path":"右胳膊","type":"image","name":"右胳膊","transform":{"y":-0.7621600000000001,"skX":-46.8334,"x":30.90856,"skY":-46.8334}},{"path":"右胳膊1","type":"image","name":"右胳膊1","transform":{"y":-0.764,"skX":-46.83,"x":30.908,"skY":-46.83}}],"name":"右胳膊"},{"display":[{"path":"头花","type":"image","name":"头花","transform":{"y":15.389320000000001,"skX":84.4904,"x":77.87968000000001,"skY":84.4904}},{"path":"头花1","type":"image","name":"头花1","transform":{"y":15.388,"skX":84.4904,"x":77.88,"skY":84.4904}}],"name":"头花"},{"display":[{"path":"yun0001","type":"image","name":"yun0001","transform":{"y":-6.50512,"x":1.8319600000000003,"scX":1.7243,"scY":-1.7243}},{"path":"yun0004","type":"image","name":"yun0004","transform":{"y":-6.50512,"x":1.8319600000000003,"scX":1.7243,"scY":-1.7243}},{"path":"yun0006","type":"image","name":"yun0006","transform":{"y":-6.504000000000001,"x":1.8319600000000003,"scX":1.7243,"scY":-1.7243}},{"path":"yun0002","type":"image","name":"yun0002","transform":{"y":-6.50512,"x":1.8319600000000003,"scX":1.7243,"scY":-1.7243}},{"path":"yun0003","type":"image","name":"yun0003","transform":{"y":-6.50512,"x":1.8319600000000003,"scX":1.7243,"scY":-1.7243}},{"path":"yun0005","type":"image","name":"yun0005","transform":{"y":-6.50512,"x":1.8319600000000003,"scX":1.7243,"scY":-1.7243}}],"name":"yun0001"},{"display":[{"path":"花圈","type":"image","name":"花圈","transform":{"y":-4.11704,"skX":91.8243,"x":40.458200000000005,"skY":91.8243,"scY":-1}},{"path":"花圈1","type":"image","name":"花圈1","transform":{"y":-4.116,"skX":91.82,"x":40.46000000000001,"skY":91.82,"scY":-1}}],"name":"花圈"},{"display":[{"path":"嘴巴","type":"image","name":"嘴巴","transform":{"y":5.9911200000000004,"skX":-106.0127,"x":22.611680000000003,"skY":-106.0127,"scY":-1}},{"path":"嘴巴1","type":"image","name":"嘴巴1","transform":{"y":5.992000000000001,"skX":-106.01,"x":22.612000000000002,"skY":-106.01,"scY":-1}}],"name":"嘴巴"},{"display":[{"path":"身体","type":"image","name":"身体","transform":{"y":-2.9068400000000003,"skX":90.8213,"x":138.75996,"skY":90.8213}},{"path":"身体1","type":"image","name":"身体1","transform":{"y":-2.908,"skX":90.82,"x":138.76,"skY":90.82}}],"name":"身体"},{"display":[{"path":"眼睛直视","type":"image","name":"眼睛直视","transform":{"y":3.88356,"skX":97.7313,"x":24.07916,"skY":97.7313,"scX":0.9025,"scY":0.9048}},{"path":"kuan_eye1","type":"image","name":"kuan_eye1","transform":{"y":5.328,"skX":97.7313,"x":26.592000000000002,"skY":97.7313,"scX":0.85,"scY":0.8858}},{"path":"kuan_eye2","type":"image","name":"kuan_eye2","transform":{"y":5.35248,"skX":97.7313,"x":23.633480000000002,"skY":97.7313,"scX":0.85,"scY":0.9197}},{"path":"kuan_eye","type":"image","name":"kuan_eye","transform":{"y":5.3284,"skX":97.7313,"x":26.592399999999998,"skY":97.7313,"scX":0.85,"scY":0.85}},{"path":"大宽眼睛","type":"image","name":"大宽眼睛","transform":{"y":-0.55976,"skX":-107.0438,"x":24.914160000000003,"skY":-107.0438,"scY":-1}},{"path":"eyegaoxing","type":"image","name":"eyegaoxing","transform":{"y":-0.6119600000000001,"skX":72.623,"x":27.19344,"skY":72.623,"scX":-0.824,"scY":0.824}},{"path":"eyeyun","type":"image","name":"eyeyun","transform":{"y":0.7240000000000001,"skX":-108.5869,"x":23.45916,"skY":-108.5869,"scX":0.7969,"scY":-0.7969}}],"name":"眼睛直视"},{"display":[{"path":"左脚","type":"image","name":"左脚","transform":{"y":1.21716,"skX":-93.3801,"x":37.7374,"skY":-93.3801}},{"path":"左脚1","type":"image","name":"左脚1","transform":{"y":1.2160000000000002,"skX":-93.38,"x":37.736000000000004,"skY":-93.38}}],"name":"左脚"},{"display":[{"path":"左手","type":"image","name":"左手","transform":{"y":-2.03908,"skX":-34.8472,"x":42.446400000000004,"skY":-34.8472}},{"path":"左手1","type":"image","name":"左手1","transform":{"y":-2.04,"skX":-34.85,"x":42.44800000000001,"skY":-34.85}}],"name":"左手"},{"display":[{"path":"左胳膊","type":"image","name":"左胳膊","transform":{"y":-3.76472,"skX":-105.8967,"x":31.859640000000002,"skY":-105.8967}},{"path":"左胳膊1","type":"image","name":"左胳膊1","transform":{"y":-3.7640000000000002,"skX":-105.9,"x":31.860000000000003,"skY":-105.9}}],"name":"左胳膊"},{"display":[{"path":"boom0001","type":"image","name":"boom0001","transform":{"y":-60.056,"skX":0.4626,"x":-31.496,"skY":0.4626,"scX":1.7243,"scY":1.7243}},{"path":"boom0003","type":"image","name":"boom0003","transform":{"y":-60.05668,"skX":0.4626,"x":-31.497960000000003,"skY":0.4626,"scX":1.7243,"scY":1.7243}},{"path":"boom0005","type":"image","name":"boom0005","transform":{"y":-60.05668,"skX":0.4626,"x":-31.497960000000003,"skY":0.4626,"scX":1.7243,"scY":1.7243}},{"path":"boom0009","type":"image","name":"boom0009","transform":{"y":-60.05668,"skX":0.4626,"x":-31.4966,"skY":0.4626,"scX":1.7243,"scY":1.7243}},{"path":"boom0007","type":"image","name":"boom0007","transform":{"y":-60.05668,"skX":0.4626,"x":-31.4966,"skY":0.4626,"scX":1.7243,"scY":1.7243}}],"name":"boom0001"}]}],"bone":[{"name":"root","transform":{}},{"transform":{"y":182.35116000000002,"x":307.10380000000004,"scX":0.58,"scY":0.58},"name":"bone","parent":"root"},{"length":140.8,"transform":{"y":-254.61968000000002,"skX":-0.4626,"x":957.1337600000002,"skY":-0.4626},"parent":"bone","name":"bone4"},{"length":15.600000000000001,"transform":{"y":-33.952600000000004,"skX":90,"x":-1.45496,"skY":90},"parent":"bone","name":"地影"},{"length":192.4,"transform":{"y":-44.18000000000001,"skX":-90.6249,"x":2.44,"skY":-90.6249,"scY":-1},"parent":"bone","name":"bone1"},{"length":67.60000000000001,"transform":{"y":-88.6478,"skX":-163.4784,"x":190.99164000000002,"skY":-163.4784},"parent":"bone1","name":"左胳膊"},{"length":63.2,"transform":{"y":61.39924,"skX":174.9251,"x":65.61428,"skY":174.9251},"parent":"bone1","name":"右脚"},{"length":54.800000000000004,"transform":{"y":1.9552,"skX":-6.1345,"x":238.57812,"skY":-6.1345,"scY":-1},"parent":"bone1","name":"头部"},{"length":72.4,"transform":{"y":80.979,"skX":153.6532,"x":195.03932,"skY":153.6532},"parent":"bone1","name":"右胳膊"},{"length":74.4,"transform":{"y":-300.40672,"skX":-90.6249,"x":258.29464,"skY":-90.6249},"parent":"bone1","name":"bone3"},{"length":59.2,"transform":{"y":-67.70280000000001,"skX":-175.995,"x":62.46208000000001,"skY":-175.995},"parent":"bone1","name":"左脚"},{"length":52.800000000000004,"transform":{"y":-0.06444,"skX":176.8694,"x":99.7054,"skY":176.8694},"parent":"bone1","name":"bone2"},{"length":63.2,"transform":{"y":7.40428,"skX":177.5508,"x":219.30812000000003,"skY":177.5508,"scY":-1},"parent":"bone1","name":"花圈"},{"length":28,"transform":{"y":-1.8133600000000003,"skX":4.1397,"x":-39.373960000000004,"skY":4.1397},"parent":"头部","name":"嘴巴"},{"length":57.6,"transform":{"y":-22.34996,"skX":-71.0495,"x":54.0372,"skY":-71.0495},"parent":"左胳膊","name":"左手"},{"length":63.6,"transform":{"y":5.7838,"skX":79.8711,"x":57.92048,"skY":79.8711},"parent":"右胳膊","name":"右手"}],"defaultActions":[{"gotoAndPlay":"start"}],"animation":[{"duration":40,"frame":[],"bone":[{"frame":[{"duration":0,"transform":{}}],"name":"root"},{"frame":[{"duration":0,"transform":{}}],"name":"bone"},{"frame":[{"duration":20,"tweenEasing":0,"transform":{}},{"duration":20,"tweenEasing":0,"transform":{"scX":0.98}},{"duration":0,"transform":{}}],"name":"bone1"},{"frame":[{"duration":0,"transform":{}}],"name":"嘴巴"},{"frame":[{"duration":0,"transform":{}}],"name":"右脚"},{"frame":[{"duration":20,"tweenEasing":0,"transform":{}},{"duration":20,"tweenEasing":0,"transform":{"skX":1.8263,"skY":1.8263}},{"duration":0,"transform":{}}],"name":"右胳膊"},{"frame":[{"duration":20,"tweenEasing":0,"transform":{}},{"duration":20,"tweenEasing":0,"transform":{"skX":-1.2666,"skY":-1.2666}},{"duration":0,"transform":{}}],"name":"左胳膊"},{"frame":[{"duration":0,"transform":{}}],"name":"左脚"},{"frame":[{"duration":20,"tweenEasing":0,"transform":{}},{"duration":20,"tweenEasing":0,"transform":{"skX":-2.5513,"skY":-2.5513}},{"duration":0,"transform":{}}],"name":"左手"},{"frame":[{"duration":20,"tweenEasing":0,"transform":{}},{"duration":20,"tweenEasing":0,"transform":{"skX":-0.0799,"skY":-0.0799}},{"duration":0,"transform":{}}],"name":"右手"},{"frame":[{"duration":20,"tweenEasing":0,"transform":{}},{"duration":20,"tweenEasing":0,"transform":{"y":0.05068,"x":-4.74004,"scX":1.02}},{"duration":0,"transform":{}}],"name":"头部"},{"frame":[{"duration":0,"transform":{}}],"name":"bone2"},{"frame":[{"duration":0,"transform":{}}],"name":"花圈"},{"frame":[{"duration":0,"transform":{}}],"name":"bone3"},{"frame":[{"duration":0,"transform":{}}],"name":"bone4"},{"frame":[{"duration":0,"transform":{}}],"name":"地影"}],"ffd":[],"playTimes":0,"name":"start","slot":[{"frame":[{"displayIndex":4,"tweenEasing":0,"duration":12},{"displayIndex":2,"tweenEasing":0,"duration":3},{"displayIndex":4,"tweenEasing":null,"duration":0}],"name":"眼睛直视"}]},{"duration":20,"frame":[],"bone":[{"frame":[{"duration":0,"transform":{}}],"name":"root"},{"frame":[{"duration":12,"transform":{}},{"duration":0,"transform":{}}],"name":"bone"},{"frame":[{"duration":3,"tweenEasing":0,"transform":{}},{"duration":9,"tweenEasing":0,"transform":{"y":2.9243200000000003,"scX":0.95,"scY":1.05}},{"duration":8,"tweenEasing":0,"transform":{"y":-79.07172000000001,"scX":1.1,"scY":0.95}},{"duration":0,"transform":{}}],"name":"bone1"},{"frame":[{"duration":3,"tweenEasing":0,"transform":{}},{"duration":9,"tweenEasing":0,"transform":{}},{"duration":8,"tweenEasing":0,"transform":{}},{"duration":0,"transform":{}}],"name":"嘴巴"},{"frame":[{"duration":3,"tweenEasing":0,"transform":{}},{"duration":9,"tweenEasing":0,"transform":{"skX":1.954,"skY":1.954}},{"duration":8,"tweenEasing":0,"transform":{"skX":-41.9218,"skY":-41.9218}},{"duration":0,"transform":{}}],"name":"右脚"},{"frame":[{"duration":3,"tweenEasing":0,"transform":{}},{"duration":9,"tweenEasing":0,"transform":{"skX":-20.913,"skY":-20.913}},{"duration":8,"tweenEasing":0,"transform":{"skX":-161.461,"skY":-161.461}},{"duration":0,"transform":{}}],"name":"右胳膊"},{"frame":[{"duration":3,"tweenEasing":0,"transform":{}},{"duration":9,"tweenEasing":0,"transform":{"skX":34.5838,"skY":34.5838}},{"duration":8,"tweenEasing":0,"transform":{"skX":157.9372,"skY":157.9372}},{"duration":0,"transform":{}}],"name":"左胳膊"},{"frame":[{"duration":3,"tweenEasing":0,"transform":{}},{"duration":9,"tweenEasing":0,"transform":{"skX":2.4399,"skY":2.4399}},{"duration":8,"tweenEasing":0,"transform":{"skX":42.2421,"skY":42.2421}},{"duration":0,"transform":{}}],"name":"左脚"},{"frame":[{"duration":3,"tweenEasing":0,"transform":{}},{"duration":9,"tweenEasing":0,"transform":{}},{"duration":8,"tweenEasing":0,"transform":{"skX":5.1429,"skY":5.1429}},{"duration":0,"transform":{}}],"name":"左手"},{"frame":[{"duration":3,"tweenEasing":0,"transform":{}},{"duration":9,"tweenEasing":0,"transform":{}},{"duration":8,"tweenEasing":0,"transform":{"skX":-35.2727,"skY":-35.2727}},{"duration":0,"transform":{}}],"name":"右手"},{"frame":[{"duration":3,"tweenEasing":0,"transform":{}},{"duration":9,"tweenEasing":0,"transform":{"scX":1.05}},{"duration":8,"tweenEasing":0,"transform":{"scX":0.95}},{"duration":0,"transform":{}}],"name":"头部"},{"frame":[{"duration":3,"tweenEasing":0,"transform":{}},{"duration":10,"tweenEasing":0,"transform":{}},{"duration":3,"tweenEasing":0,"transform":{"scX":1.1}},{"duration":4,"tweenEasing":0,"transform":{"y":-0.07308,"x":6.220680000000001,"scX":0.76}},{"duration":0,"transform":{}}],"name":"bone2"},{"frame":[{"duration":3,"tweenEasing":0,"transform":{}},{"duration":9,"tweenEasing":0,"transform":{}},{"duration":3,"tweenEasing":0,"transform":{}},{"duration":5,"tweenEasing":0,"transform":{"scX":0.9}},{"duration":0,"transform":{}}],"name":"花圈"},{"frame":[{"duration":0,"transform":{}}],"name":"bone3"},{"frame":[{"duration":0,"transform":{}}],"name":"bone4"},{"frame":[{"duration":3,"tweenEasing":0,"transform":{}},{"duration":9,"tweenEasing":0,"transform":{"scX":1.0808,"scY":1.0808}},{"duration":8,"tweenEasing":0,"transform":{"scX":0.83,"scY":0.83}},{"duration":0,"transform":{}}],"name":"地影"}],"ffd":[],"playTimes":0,"name":"happy","slot":[{"frame":[{"displayIndex":1,"tweenEasing":0,"duration":3},{"displayIndex":1,"tweenEasing":0,"duration":9},{"displayIndex":1,"tweenEasing":0,"duration":8},{"displayIndex":1,"tweenEasing":null,"duration":0}],"name":"右手"},{"frame":[{"tweenEasing":0,"duration":3},{"tweenEasing":0,"duration":9},{"tweenEasing":0,"duration":8},{"tweenEasing":null,"duration":0}],"name":"右脚"},{"frame":[{"tweenEasing":0,"duration":3},{"tweenEasing":0,"duration":9},{"tweenEasing":0,"duration":8},{"tweenEasing":null,"duration":0}],"name":"右胳膊"},{"frame":[{"tweenEasing":0,"duration":3},{"tweenEasing":0,"duration":9},{"tweenEasing":0,"duration":8},{"tweenEasing":null,"duration":0}],"name":"身体"},{"frame":[{"tweenEasing":0,"duration":3},{"tweenEasing":0,"duration":9},{"tweenEasing":0,"duration":8},{"tweenEasing":null,"duration":0}],"name":"左脚"},{"frame":[{"displayIndex":1,"tweenEasing":0,"duration":3},{"displayIndex":1,"tweenEasing":0,"duration":9},{"displayIndex":1,"tweenEasing":0,"duration":8},{"displayIndex":1,"tweenEasing":null,"duration":0}],"name":"头部"},{"frame":[{"tweenEasing":0,"duration":3},{"tweenEasing":0,"duration":9},{"tweenEasing":0,"duration":8},{"tweenEasing":null,"duration":0}],"name":"嘴巴"},{"frame":[{"displayIndex":5,"tweenEasing":0,"duration":3},{"displayIndex":5,"tweenEasing":0,"duration":9},{"displayIndex":5,"tweenEasing":0,"duration":8},{"displayIndex":5,"tweenEasing":null,"duration":0}],"name":"眼睛直视"},{"frame":[{"tweenEasing":0,"duration":3},{"tweenEasing":0,"duration":9},{"tweenEasing":0,"duration":8},{"tweenEasing":null,"duration":0}],"name":"左胳膊"},{"frame":[{"tweenEasing":0,"duration":3},{"tweenEasing":0,"duration":9},{"tweenEasing":0,"duration":8},{"tweenEasing":null,"duration":0}],"name":"左手"},{"frame":[{"tweenEasing":0,"duration":3},{"tweenEasing":0,"duration":9},{"tweenEasing":0,"duration":8},{"tweenEasing":null,"duration":0}],"name":"头花"},{"frame":[{"tweenEasing":0,"duration":3},{"tweenEasing":0,"duration":10},{"tweenEasing":0,"duration":7},{"tweenEasing":null,"duration":0}],"name":"腰花"},{"frame":[{"tweenEasing":0,"duration":3},{"tweenEasing":0,"duration":9},{"tweenEasing":0,"duration":8},{"tweenEasing":null,"duration":0}],"name":"花圈"}]},{"duration":60,"frame":[],"bone":[{"frame":[{"duration":60,"tweenEasing":0,"transform":{}},{"duration":0,"transform":{}}],"name":"root"},{"frame":[{"duration":60,"tweenEasing":0,"transform":{}},{"duration":0,"transform":{}}],"name":"bone"},{"frame":[{"duration":28,"tweenEasing":0,"transform":{}},{"duration":32,"tweenEasing":0,"transform":{"scX":0.98}},{"duration":0,"transform":{}}],"name":"bone1"},{"frame":[{"duration":60,"tweenEasing":0,"transform":{}},{"duration":0,"transform":{}}],"name":"嘴巴"},{"frame":[{"duration":60,"tweenEasing":0,"transform":{}},{"duration":0,"transform":{}}],"name":"右脚"},{"frame":[{"duration":60,"tweenEasing":0,"transform":{}},{"duration":0,"transform":{}}],"name":"右胳膊"},{"frame":[{"duration":28,"tweenEasing":0,"transform":{}},{"duration":32,"tweenEasing":0,"transform":{"skX":-2.1306,"skY":-2.1306}},{"duration":0,"transform":{}}],"name":"左胳膊"},{"frame":[{"duration":60,"tweenEasing":0,"transform":{}},{"duration":0,"transform":{}}],"name":"左脚"},{"frame":[{"duration":60,"tweenEasing":0,"transform":{}},{"duration":0,"transform":{}}],"name":"左手"},{"frame":[{"duration":60,"tweenEasing":0,"transform":{}},{"duration":0,"transform":{}}],"name":"右手"},{"frame":[{"duration":15,"tweenEasing":0,"transform":{}},{"duration":15,"tweenEasing":0,"transform":{"y":-4.159960000000001,"skX":-13.0327,"x":-1.7652400000000001,"skY":-13.0327}},{"duration":15,"tweenEasing":0,"transform":{}},{"duration":15,"tweenEasing":0,"transform":{"y":-4.159960000000001,"skX":-13.0327,"x":-1.7652400000000001,"skY":-13.0327}},{"duration":0,"transform":{}}],"name":"头部"},{"frame":[{"duration":60,"tweenEasing":0,"transform":{}},{"duration":0,"transform":{}}],"name":"bone2"},{"frame":[{"duration":60,"tweenEasing":0,"transform":{}},{"duration":0,"transform":{}}],"name":"花圈"},{"frame":[{"duration":0,"transform":{"y":295.72592000000003,"x":29.55728}}],"name":"bone3"},{"frame":[{"duration":0,"transform":{}}],"name":"bone4"},{"frame":[{"duration":0,"transform":{}}],"name":"地影"}],"ffd":[],"playTimes":0,"name":"yun","slot":[{"frame":[{"displayIndex":1,"tweenEasing":0,"duration":60},{"displayIndex":1,"tweenEasing":null,"duration":0}],"name":"右手"},{"frame":[{"tweenEasing":0,"duration":60},{"tweenEasing":null,"duration":0}],"name":"右脚"},{"frame":[{"tweenEasing":0,"duration":60},{"tweenEasing":null,"duration":0}],"name":"右胳膊"},{"frame":[{"tweenEasing":0,"duration":60},{"tweenEasing":null,"duration":0}],"name":"身体"},{"frame":[{"tweenEasing":0,"duration":60},{"tweenEasing":null,"duration":0}],"name":"左脚"},{"frame":[{"displayIndex":1,"tweenEasing":0,"duration":60},{"displayIndex":1,"tweenEasing":null,"duration":0}],"name":"头部"},{"frame":[{"tweenEasing":0,"duration":60},{"tweenEasing":null,"duration":0}],"name":"嘴巴"},{"frame":[{"displayIndex":6,"tweenEasing":0,"duration":60},{"displayIndex":6,"tweenEasing":null,"duration":0}],"name":"眼睛直视"},{"frame":[{"tweenEasing":0,"duration":60},{"tweenEasing":null,"duration":0}],"name":"左胳膊"},{"frame":[{"tweenEasing":0,"duration":60},{"tweenEasing":null,"duration":0}],"name":"左手"},{"frame":[{"tweenEasing":0,"duration":60},{"tweenEasing":null,"duration":0}],"name":"头花"},{"frame":[{"tweenEasing":0,"duration":60},{"tweenEasing":null,"duration":0}],"name":"腰花"},{"frame":[{"tweenEasing":0,"duration":60},{"tweenEasing":null,"duration":0}],"name":"花圈"},{"frame":[{"tweenEasing":null,"duration":2,"color":{"bM":68,"rM":97,"gM":68}},{"displayIndex":3,"tweenEasing":null,"duration":2,"color":{"bM":68,"rM":97,"gM":68}},{"displayIndex":4,"tweenEasing":null,"duration":2,"color":{"bM":68,"rM":97,"gM":68}},{"displayIndex":1,"tweenEasing":null,"duration":2,"color":{"bM":68,"rM":97,"gM":68}},{"displayIndex":5,"tweenEasing":null,"duration":2,"color":{"bM":68,"rM":97,"gM":68}},{"displayIndex":2,"tweenEasing":null,"duration":2,"color":{"bM":68,"rM":97,"gM":68}},{"tweenEasing":null,"duration":2,"color":{"bM":68,"rM":97,"gM":68}},{"displayIndex":3,"tweenEasing":null,"duration":2,"color":{"bM":68,"rM":97,"gM":68}},{"displayIndex":4,"tweenEasing":null,"duration":2,"color":{"bM":68,"rM":97,"gM":68}},{"displayIndex":1,"tweenEasing":null,"duration":2,"color":{"bM":68,"rM":97,"gM":68}},{"displayIndex":5,"tweenEasing":null,"duration":2,"color":{"bM":68,"rM":97,"gM":68}},{"displayIndex":2,"tweenEasing":null,"duration":2,"color":{"bM":68,"rM":97,"gM":68}},{"tweenEasing":null,"duration":2,"color":{"bM":68,"rM":97,"gM":68}},{"displayIndex":3,"tweenEasing":null,"duration":2,"color":{"bM":68,"rM":97,"gM":68}},{"displayIndex":4,"tweenEasing":null,"duration":2,"color":{"bM":68,"rM":97,"gM":68}},{"displayIndex":1,"tweenEasing":null,"duration":2,"color":{"bM":68,"rM":97,"gM":68}},{"displayIndex":5,"tweenEasing":null,"duration":2,"color":{"bM":68,"rM":97,"gM":68}},{"displayIndex":2,"tweenEasing":null,"duration":2,"color":{"bM":68,"rM":97,"gM":68}},{"tweenEasing":null,"duration":2,"color":{"bM":68,"rM":97,"gM":68}},{"displayIndex":3,"tweenEasing":null,"duration":2,"color":{"bM":68,"rM":97,"gM":68}},{"displayIndex":4,"tweenEasing":null,"duration":2,"color":{"bM":68,"rM":97,"gM":68}},{"displayIndex":1,"tweenEasing":null,"duration":2,"color":{"bM":68,"rM":97,"gM":68}},{"displayIndex":5,"tweenEasing":null,"duration":2,"color":{"bM":68,"rM":97,"gM":68}},{"displayIndex":2,"tweenEasing":null,"duration":2,"color":{"bM":68,"rM":97,"gM":68}},{"tweenEasing":null,"duration":2,"color":{"bM":68,"rM":97,"gM":68}},{"displayIndex":3,"tweenEasing":null,"duration":2,"color":{"bM":68,"rM":97,"gM":68}},{"displayIndex":4,"tweenEasing":null,"duration":2,"color":{"bM":68,"rM":97,"gM":68}},{"displayIndex":1,"tweenEasing":null,"duration":2,"color":{"bM":68,"rM":97,"gM":68}},{"displayIndex":5,"tweenEasing":null,"duration":2,"color":{"bM":68,"rM":97,"gM":68}},{"displayIndex":2,"tweenEasing":null,"duration":0,"color":{"bM":68,"rM":97,"gM":68}}],"name":"yun0001"}]},{"duration":66,"frame":[],"bone":[{"frame":[{"duration":0,"transform":{}}],"name":"root"},{"frame":[{"duration":0,"transform":{}}],"name":"bone"},{"frame":[{"duration":0,"transform":{}}],"name":"bone1"},{"frame":[{"duration":0,"transform":{}}],"name":"嘴巴"},{"frame":[{"duration":0,"transform":{}}],"name":"右脚"},{"frame":[{"duration":0,"transform":{}}],"name":"右胳膊"},{"frame":[{"duration":0,"transform":{}}],"name":"左胳膊"},{"frame":[{"duration":0,"transform":{}}],"name":"左脚"},{"frame":[{"duration":0,"transform":{}}],"name":"左手"},{"frame":[{"duration":0,"transform":{}}],"name":"右手"},{"frame":[{"duration":0,"transform":{}}],"name":"头部"},{"frame":[{"duration":0,"transform":{}}],"name":"bone2"},{"frame":[{"duration":0,"transform":{}}],"name":"花圈"},{"frame":[{"duration":0,"transform":{}}],"name":"bone3"},{"frame":[{"duration":0,"transform":{"y":85.06948,"x":-991.26076,"scX":1.4963,"scY":1.4963}}],"name":"bone4"},{"frame":[{"duration":0,"transform":{}}],"name":"地影"}],"ffd":[],"playTimes":0,"name":"boom","slot":[{"frame":[{"displayIndex":1,"tweenEasing":null,"duration":5},{"displayIndex":2,"tweenEasing":null,"duration":0}],"name":"右手"},{"frame":[{"tweenEasing":null,"duration":5},{"displayIndex":1,"tweenEasing":null,"duration":0}],"name":"右脚"},{"frame":[{"tweenEasing":null,"duration":5},{"displayIndex":1,"tweenEasing":null,"duration":0}],"name":"右胳膊"},{"frame":[{"tweenEasing":null,"duration":5},{"displayIndex":1,"tweenEasing":null,"duration":0}],"name":"身体"},{"frame":[{"tweenEasing":null,"duration":5},{"displayIndex":1,"tweenEasing":null,"duration":0}],"name":"左脚"},{"frame":[{"displayIndex":1,"tweenEasing":null,"duration":5},{"displayIndex":2,"tweenEasing":null,"duration":0}],"name":"头部"},{"frame":[{"tweenEasing":null,"duration":5},{"displayIndex":1,"tweenEasing":null,"duration":0}],"name":"嘴巴"},{"frame":[{"tweenEasing":null,"duration":20},{"tweenEasing":null,"duration":1,"color":{"bM":0,"rM":0,"gM":0}},{"tweenEasing":null,"duration":2},{"tweenEasing":null,"duration":1},{"tweenEasing":null,"duration":4,"color":{"bM":0,"rM":0,"gM":0}},{"tweenEasing":null,"duration":1,"color":{"bM":0,"rM":0,"gM":0}},{"tweenEasing":null,"duration":4},{"tweenEasing":null,"duration":1},{"tweenEasing":null,"duration":3,"color":{"bM":0,"rM":0,"gM":0}},{"tweenEasing":null,"duration":1,"color":{"bM":0,"rM":0,"gM":0}},{"tweenEasing":null,"duration":0}],"name":"眼睛直视"},{"frame":[{"tweenEasing":null,"duration":5},{"displayIndex":1,"tweenEasing":null,"duration":0}],"name":"左胳膊"},{"frame":[{"tweenEasing":null,"duration":5},{"displayIndex":1,"tweenEasing":null,"duration":0}],"name":"左手"},{"frame":[{"tweenEasing":null,"duration":5},{"displayIndex":1,"tweenEasing":null,"duration":0}],"name":"头花"},{"frame":[{"tweenEasing":null,"duration":5},{"displayIndex":1,"tweenEasing":null,"duration":61},{"tweenEasing":null,"duration":0}],"name":"腰花"},{"frame":[{"tweenEasing":null,"duration":5},{"displayIndex":1,"tweenEasing":null,"duration":0}],"name":"花圈"},{"frame":[{"tweenEasing":null,"duration":3},{"displayIndex":1,"tweenEasing":null,"duration":3},{"displayIndex":2,"tweenEasing":null,"duration":3},{"displayIndex":4,"tweenEasing":null,"duration":3},{"displayIndex":3,"tweenEasing":null,"duration":3},{"displayIndex":-1,"tweenEasing":null,"duration":0}],"name":"boom0001"}]}],"name":"diffent","slot":[{"name":"地影","parent":"地影","color":{}},{"z":1,"name":"右胳膊","parent":"右胳膊","color":{}},{"z":2,"name":"身体","parent":"bone1","color":{}},{"z":3,"name":"右脚","parent":"右脚","color":{}},{"z":4,"name":"左脚","parent":"左脚","color":{}},{"z":5,"name":"腰花","parent":"bone2","color":{}},{"z":6,"name":"左胳膊","parent":"左胳膊","color":{}},{"z":7,"name":"花圈","parent":"花圈","color":{}},{"z":8,"displayIndex":1,"name":"头部","parent":"头部","color":{}},{"z":9,"name":"嘴巴","parent":"嘴巴","color":{}},{"z":10,"displayIndex":1,"name":"右手","parent":"右手","color":{}},{"z":11,"displayIndex":4,"name":"眼睛直视","parent":"头部","color":{}},{"z":12,"name":"左手","parent":"左手","color":{}},{"z":13,"name":"头花","parent":"头部","color":{}},{"z":14,"displayIndex":-1,"name":"yun0001","parent":"bone3","color":{}},{"z":15,"displayIndex":-1,"name":"boom0001","parent":"bone4","color":{}}],"ik":[]}],"name":"washazi","version":"4.5"}