{
  "item-states": [
    {
      "folded": false,
      "id": "mount-assets"
    },
    {
      "folded": true,
      "id": "4ddf7bbd-605d-43c5-bf33-07940bf45486"
    },
    {
      "folded": true,
      "id": "39d7b87d-7ea8-473e-8463-1070aeae621d"
    },
    {
      "folded": true,
      "id": "eaeeab0e-64bf-4338-876b-a32ff3ba873c"
    },
    {
      "folded": true,
      "id": "eb773161-26d3-401f-a751-10ad473d7b2d"
    },
    {
      "folded": true,
      "id": "69f4952b-ca4e-48a8-b473-b14a458b6573"
    },
    {
      "folded": true,
      "id": "d6781db2-ce81-4f4e-826e-e65522757a58"
    },
    {
      "folded": true,
      "id": "3e31a349-ecc1-45e9-8a7f-0ba9f7e4966e"
    },
    {
      "folded": true,
      "id": "1f3524dd-e8d9-4361-8e41-9577d4e428ce"
    },
    {
      "folded": false,
      "id": "4147e6ca-3155-4a91-8948-0b4ba66c1311"
    },
    {
      "folded": true,
      "id": "e99a6e26-d561-49ec-912c-d74823fbb5bc"
    },
    {
      "folded": false,
      "id": "ca990df7-b842-4a82-8368-594c1062e4fe"
    },
    {
      "folded": false,
      "id": "7e4d8cec-f87c-4a80-b976-9873bf62466a"
    },
    {
      "folded": true,
      "id": "953ac615-37ae-4eab-8bf2-6317a7e6062f"
    },
    {
      "folded": true,
      "id": "47f3542d-b336-4aa3-85b3-55bfcf532a90"
    },
    {
      "folded": false,
      "id": "13c4b887-56b7-43be-bea4-010f3d1f1b85"
    },
    {
      "folded": true,
      "id": "984b6e3d-075f-4b43-9089-e10d43cdc035"
    },
    {
      "folded": true,
      "id": "de67a01c-a926-4a0a-9cd4-bd5b7f1ff9f0"
    },
    {
      "folded": true,
      "id": "8b93a0bf-9f6a-40fa-83ff-e6d9afc92b82"
    },
    {
      "folded": true,
      "id": "ce1014a5-986b-4d8b-8788-d28b4d4fdb2d"
    },
    {
      "folded": true,
      "id": "e52681bb-069b-4525-92a2-72b76327e6be"
    },
    {
      "folded": true,
      "id": "325012d2-1656-4ae4-957b-6cad5a4894dc"
    },
    {
      "folded": true,
      "id": "c73b4cfc-7828-48f2-bfa4-5b5633e4c8d4"
    },
    {
      "folded": true,
      "id": "f45d6482-4475-4739-9a37-e376ad6236c1"
    },
    {
      "folded": false,
      "id": "da608cde-36d5-4ead-a750-167b94b7080b"
    },
    {
      "folded": true,
      "id": "528bbda2-440b-4b32-ba0d-313df7ccc15c"
    },
    {
      "folded": true,
      "id": "85bf907d-5d41-4f9b-ba03-0559d188d741"
    },
    {
      "folded": true,
      "id": "80f15fec-dd5f-44d8-a9b1-de9d803b1e54"
    },
    {
      "folded": true,
      "id": "38a1b6b0-2971-455c-9c2f-3893661f7d36"
    },
    {
      "folded": true,
      "id": "4cd4eba0-f70f-47e8-b83a-f1b348dab224"
    },
    {
      "folded": true,
      "id": "07f25299-70bf-4971-93ce-d4106427fb68"
    },
    {
      "folded": true,
      "id": "034495ce-503b-4a5c-89de-ee4fb6267023"
    },
    {
      "folded": true,
      "id": "d57be77b-abbe-485a-8472-af7433d8a644"
    },
    {
      "folded": true,
      "id": "535d3528-6908-4145-8160-b7288f44df57"
    },
    {
      "folded": true,
      "id": "806de9bb-6403-48f8-800b-e1f35a1206fe"
    },
    {
      "folded": true,
      "id": "0630c88c-7326-4ed3-9587-ef852c9c26bf"
    },
    {
      "folded": true,
      "id": "446e705a-142c-4c29-a68d-584630333172"
    },
    {
      "folded": true,
      "id": "3c8af0f2-ceba-4e85-b1e4-489820371ff3"
    },
    {
      "folded": true,
      "id": "3476c408-12de-4deb-b6d9-9da45031d9c5"
    },
    {
      "folded": true,
      "id": "fadc3946-9d62-4946-8b4c-64c3be9f7ab1"
    },
    {
      "folded": true,
      "id": "50b996e6-6d21-4088-9a1b-a5444f84614d"
    },
    {
      "folded": true,
      "id": "f2fbb1a2-19b1-41b5-a83e-a23212e9a238"
    },
    {
      "folded": true,
      "id": "f7d3ead4-4fe8-48dd-a235-50395217bd33"
    },
    {
      "folded": true,
      "id": "ef4fcb82-7d63-4d38-9403-00f7e171634a"
    },
    {
      "folded": true,
      "id": "e7b67e41-9ad4-43eb-8142-5b647cd190e3"
    },
    {
      "folded": true,
      "id": "9982a161-6b96-4da8-9fcd-c7bb02fe4b8d"
    },
    {
      "folded": true,
      "id": "2dfc62d6-fe54-4633-864c-12d4f57f46ac"
    },
    {
      "folded": true,
      "id": "ae8f223f-bb14-4a71-99ad-754ab7c36ecc"
    },
    {
      "folded": true,
      "id": "bd3ecceb-8385-44eb-9805-fac64f61a0e9"
    },
    {
      "folded": true,
      "id": "96c4fdef-1107-4817-8902-3acc7ccaa134"
    },
    {
      "folded": true,
      "id": "7c6617f2-94f9-41c5-bab3-112ee4826ce6"
    },
    {
      "folded": true,
      "id": "11f75afc-1c7c-4822-9f51-aa27a7f5931e"
    },
    {
      "folded": true,
      "id": "d4beb4e4-6a77-4478-9e09-7c058e394155"
    },
    {
      "folded": true,
      "id": "6c5d86df-fc36-4648-b322-9efa092642a4"
    },
    {
      "folded": true,
      "id": "6a59b0f1-ec54-4a00-916c-4de8b127f6f0"
    },
    {
      "folded": true,
      "id": "60ad70f1-00b2-42bb-a279-ccc91b2741f8"
    },
    {
      "folded": true,
      "id": "ef418919-c557-4a59-a857-8d44e07e5654"
    },
    {
      "folded": true,
      "id": "0b2c0edf-bc0f-49d4-bc46-f70820d2876f"
    },
    {
      "folded": true,
      "id": "5e47533b-4449-45bf-a6ec-3474c2d4fd33"
    },
    {
      "folded": true,
      "id": "fc9c58d4-7c56-47a2-9251-ead85b9759fb"
    },
    {
      "folded": true,
      "id": "0ea4d37a-7179-42c5-ab0e-90dacea19966"
    },
    {
      "folded": true,
      "id": "44e0ea77-d719-4b54-a369-4bb92f7ec404"
    },
    {
      "folded": true,
      "id": "3938c066-92f7-4b5c-b091-c66aaf3deff4"
    },
    {
      "folded": true,
      "id": "689502cc-ead5-4f6d-aa75-d4719f26ea34"
    },
    {
      "folded": true,
      "id": "ed595464-9442-4f79-b0dd-738db60f8b7c"
    },
    {
      "folded": true,
      "id": "d1f212e2-b44f-4fb4-9327-8dc3552833ee"
    },
    {
      "folded": true,
      "id": "7c004d8c-8283-4a49-b5fe-7220f63f5dd8"
    },
    {
      "folded": true,
      "id": "fc570f99-6bac-4293-8274-07fb46c2ef47"
    },
    {
      "folded": true,
      "id": "7e07158d-6f10-4264-a75f-717b6c6b620b"
    },
    {
      "folded": true,
      "id": "20ceb1a6-8fe6-436c-8796-22217269ec2f"
    },
    {
      "folded": true,
      "id": "dbcb4b98-d0a2-4d24-bdf7-382b62cedb56"
    },
    {
      "folded": true,
      "id": "0587361c-9720-49c5-858e-7dd3d3570db6"
    },
    {
      "folded": true,
      "id": "9ef47f5c-ab85-42ce-91c0-5d1c4417fc80"
    },
    {
      "folded": true,
      "id": "cd9aab8b-9468-48c7-b259-530320c15342"
    },
    {
      "folded": true,
      "id": "5f3823ad-e6e6-4274-863e-1e7860ee953d"
    },
    {
      "folded": true,
      "id": "7843f527-3f24-4735-91a0-8cc091c1c2c0"
    },
    {
      "folded": true,
      "id": "625536d2-4f91-47e6-baa6-0c1a6deae0fb"
    },
    {
      "folded": true,
      "id": "ef7bead7-8752-409f-b6b3-278a055a75ea"
    },
    {
      "folded": true,
      "id": "5f52c39b-30e7-4e8e-aa37-5b64ff73cb28"
    },
    {
      "folded": true,
      "id": "0e8db000-e197-4114-ae94-868f0a63eb70"
    },
    {
      "folded": true,
      "id": "2e0a7423-0766-4bd8-ae8a-4866ee684633"
    },
    {
      "folded": true,
      "id": "7b9f6814-9bea-4534-85a1-3897718bb873"
    },
    {
      "folded": true,
      "id": "8a8255d4-cf52-4b0c-b70f-20e46fa9e404"
    },
    {
      "folded": true,
      "id": "63dfe51b-9722-4331-9818-8b61431c1b49"
    },
    {
      "folded": true,
      "id": "ec76d455-c39a-4aad-a9ff-aab12ce5b531"
    },
    {
      "folded": true,
      "id": "4a1955a8-b06e-41fd-a215-c6818771ec1d"
    },
    {
      "folded": true,
      "id": "03ff615a-98ef-4675-b48d-9c1821475328"
    },
    {
      "folded": true,
      "id": "e54d36c0-125b-48d0-a159-57957bbdfe18"
    },
    {
      "folded": true,
      "id": "f6921f81-3474-41f9-b14b-3bd1d6435ed0"
    },
    {
      "folded": true,
      "id": "88ca44e9-f1c1-4c73-866e-faa7d038492f"
    },
    {
      "folded": true,
      "id": "a5ccf9a9-8dc4-41bb-9235-1157ffea90cd"
    },
    {
      "folded": true,
      "id": "09635242-e159-48a1-9f3e-88eb42a246d2"
    },
    {
      "folded": true,
      "id": "f57cc50f-fd8f-40a9-8d96-95ac790b3806"
    },
    {
      "folded": true,
      "id": "bf3e293c-5d28-433e-928f-dd7ed88c34eb"
    },
    {
      "folded": true,
      "id": "d66bf6a8-2c97-4346-90af-98408bfbf767"
    },
    {
      "folded": true,
      "id": "d174ab12-e839-4e49-a4dc-989e21f7474a"
    },
    {
      "folded": true,
      "id": "77af5a12-fafd-4ef3-8274-a28f3efec41e"
    },
    {
      "folded": true,
      "id": "04e0221c-0bc3-4928-8686-3c9ef532e135"
    },
    {
      "folded": true,
      "id": "b1ffa35a-4b12-4582-a9ba-3e2bb83dc90a"
    },
    {
      "folded": true,
      "id": "21354832-5904-4a84-ae96-048baf4a90d0"
    },
    {
      "folded": true,
      "id": "d0ac2251-7abb-49b3-b337-70ed17fa60ff"
    },
    {
      "folded": true,
      "id": "7e002056-f6cb-44f8-8a4c-00893dc0c13d"
    },
    {
      "folded": true,
      "id": "00463a78-f81e-4746-8b1f-1fa1c3427b10"
    },
    {
      "folded": true,
      "id": "d8350074-3a6e-461b-b8a7-e639190244f5"
    },
    {
      "folded": true,
      "id": "64c25049-7ec1-45ed-b7ed-ccae1a48d023"
    },
    {
      "folded": true,
      "id": "86517865-5a0b-49eb-82c7-c2d0e109b813"
    },
    {
      "folded": true,
      "id": "b35eac3c-f411-4d39-bd43-c9ed0ab102e3"
    }
  ]
}