{
  "version": "1.1.1",
  "windows": {
    "main": {
      "main": true,
      "url": "app://editor/index.html",
      "windowType": "dockable",
      "x": 4,
      "y": 23,
      "width": 1916,
      "height": 1057,
      "layout": {
        "children": [
          {
            "children": [
              {
                "active": 0,
                "children": [
                  "hierarchy"
                ],
                "height": 462,
                "type": "panel",
                "width": 306
              },
              {
                "active": 0,
                "children": [
                  "assets"
                ],
                "height": 501,
                "type": "panel",
                "width": 306
              }
            ],
            "height": 966,
            "type": "dock-v",
            "width": 306
          },
          {
            "children": [
              {
                "children": [
                  {
                    "active": 0,
                    "children": [
                      "scene"
                    ],
                    "height": 737,
                    "type": "panel",
                    "width": 916.984375
                  },
                  {
                    "active": 0,
                    "children": [
                      "node-library"
                    ],
                    "height": 737,
                    "type": "panel",
                    "width": 338
                  }
                ],
                "height": 737,
                "type": "dock-h",
                "width": 1257.984375
              },
              {
                "active": 0,
                "children": [
                  "console",
                  "timeline"
                ],
                "height": 226,
                "type": "panel",
                "width": 1257.984375
              }
            ],
            "height": 966,
            "type": "dock-v",
            "width": 1257.984375
          },
          {
            "active": 0,
            "children": [
              "inspector"
            ],
            "height": 966,
            "type": "panel",
            "width": 340
          }
        ],
        "type": "dock-h"
      },
      "panels": [
        "console",
        "inspector",
        "hierarchy",
        "assets",
        "scene",
        "node-library",
        "timeline"
      ]
    },
    "window-1513576395830": {}
  },
  "panels": {
    "project-settings": {
      "x": 678,
      "y": 267,
      "width": 584,
      "height": 548
    },
    "builder": {
      "x": 708,
      "y": 167,
      "width": 500,
      "height": 722
    }
  }
}