{
  "__type__": "cc.AnimationClip",
  "_name": "RaceRun",
  "_objFlags": 0,
  "_rawFiles": null,
  "_duration": 0.24,
  "sample": 25,
  "speed": 1,
  "wrapMode": 2,
  "curveData": {
    "comps": {
      "cc.Sprite": {
        "spriteFrame": [
          {
            "frame": 0,
            "value": {
              "__uuid__": "f2d83ef8-2158-46c0-8ff6-417b841b4b9f"
            }
          },
          {
            "frame": 0.04,
            "value": {
              "__uuid__": "b91d8491-a627-48dd-a0a9-ffd747b1ea70"
            }
          },
          {
            "frame": 0.08,
            "value": {
              "__uuid__": "549a1d37-1e55-4d8f-85ad-20801c9a986e"
            }
          },
          {
            "frame": 0.12,
            "value": {
              "__uuid__": "0db23189-7c98-41a7-8e45-3fe8e15d55f8"
            }
          },
          {
            "frame": 0.16,
            "value": {
              "__uuid__": "549a1d37-1e55-4d8f-85ad-20801c9a986e"
            }
          },
          {
            "frame": 0.2,
            "value": {
              "__uuid__": "b91d8491-a627-48dd-a0a9-ffd747b1ea70"
            }
          }
        ]
      }
    }
  },
  "events": []
}