{
  "item-states": [
    {
      "folded": false,
      "id": "mount-assets"
    },
    {
      "folded": true,
      "id": "9f897077-e99e-45b3-8eab-265937dcedc3"
    },
    {
      "folded": true,
      "id": "f883ebbc-3f22-4e88-9abf-dfe3ff2540b9"
    },
    {
      "folded": true,
      "id": "54aaafb9-2a0c-48db-aa25-ef3a81f8befb"
    },
    {
      "folded": true,
      "id": "aac537d9-ab9e-48ec-ac02-c0cc4abf54bf"
    },
    {
      "folded": true,
      "id": "5f2e94ee-4b52-4210-8206-f792d547c69c"
    },
    {
      "folded": false,
      "id": "cd1ec6e0-e5e2-4d93-8f63-fc785bfcb7e4"
    },
    {
      "folded": true,
      "id": "558fbe73-31b6-47c1-9716-4570148540a3"
    },
    {
      "folded": true,
      "id": "a8701081-adc4-4cf2-b578-0e8b417699cc"
    },
    {
      "folded": true,
      "id": "20bdc4ce-9217-478c-8cb5-5fd1b5a4bb37"
    },
    {
      "folded": true,
      "id": "e1437ffb-f4ab-4cc7-824b-9ffa2b63b789"
    },
    {
      "folded": true,
      "id": "79b81814-f775-459c-9634-65b5174b47c8"
    },
    {
      "folded": true,
      "id": "c86dfd4e-f0c8-4402-b6cc-56c211ebb23f"
    },
    {
      "folded": true,
      "id": "d1ae1137-419f-4e28-8cfa-39229d8d7cbd"
    },
    {
      "folded": true,
      "id": "99596aa0-74f7-4572-9385-fe82d6f620f0"
    },
    {
      "folded": true,
      "id": "a2446b45-3a22-44dd-b22c-9619e612359e"
    },
    {
      "folded": true,
      "id": "e82e7e36-e842-4b9e-a020-8b5d43b89dcb"
    },
    {
      "folded": true,
      "id": "2c48dec9-b010-4ebc-b76b-9c99e873983a"
    },
    {
      "folded": true,
      "id": "6c32352d-ea14-40a0-9d36-635034ea6780"
    },
    {
      "folded": true,
      "id": "273ecc7c-08e6-462d-bf79-f0de53ea580c"
    },
    {
      "folded": true,
      "id": "a088d043-74e3-48e6-8a9f-f703c8e04286"
    },
    {
      "folded": true,
      "id": "5122d9e7-e5ff-4b8e-bde3-b43cf79e5caa"
    },
    {
      "folded": true,
      "id": "421986b3-b666-4593-83e2-41224d4e7824"
    },
    {
      "folded": true,
      "id": "7c5a5019-d06c-43d1-a749-805f6e677a29"
    },
    {
      "folded": true,
      "id": "d001ffbb-599e-4d96-9fde-425a78e655c1"
    },
    {
      "folded": true,
      "id": "ae181f1b-ef97-4fae-af40-33c44681c0ad"
    },
    {
      "folded": true,
      "id": "f1488889-fa5e-4762-80cd-350e42fb9672"
    },
    {
      "folded": true,
      "id": "2cc338d2-4993-4d3d-8fa6-3a93a8d337f7"
    },
    {
      "folded": true,
      "id": "3872b464-1191-4550-b42f-29316211ea8a"
    },
    {
      "folded": true,
      "id": "2f332dea-0fd1-4949-9a3f-fce38cd2254a"
    },
    {
      "folded": true,
      "id": "ee535342-837c-413b-b66d-5994ba0b3ea8"
    },
    {
      "folded": true,
      "id": "8c3dd9b3-3817-4a94-8492-94e004861ce1"
    },
    {
      "folded": true,
      "id": "781b722f-737d-47df-9752-239b6f043e27"
    },
    {
      "folded": true,
      "id": "eb7e72e4-f43c-4ac2-8c73-6cf4a22874ee"
    },
    {
      "folded": true,
      "id": "ac1ee8ca-292d-4826-9620-34634fd19c4b"
    },
    {
      "folded": true,
      "id": "d20d5713-2c70-43fa-9b60-260139cc2ef4"
    },
    {
      "folded": true,
      "id": "695ac09a-f7a3-49a8-b225-41563195e0ae"
    },
    {
      "folded": true,
      "id": "4365cd83-de99-442c-a243-9264ee6dda1b"
    },
    {
      "folded": true,
      "id": "cd3de7af-c3dd-4f9e-872f-48e1ddc07554"
    },
    {
      "folded": true,
      "id": "48c56288-da11-474d-ab8a-3ac5dc450b29"
    },
    {
      "folded": true,
      "id": "49256f85-ec67-4faa-ab83-ab793e766ab0"
    },
    {
      "folded": true,
      "id": "4603f29a-0943-4a68-9dcb-6d5598e71034"
    },
    {
      "folded": true,
      "id": "d041358d-319c-4868-b493-3955e81bcc57"
    },
    {
      "folded": true,
      "id": "733a9a15-3046-4ee9-9316-fdc889bfdb15"
    },
    {
      "folded": true,
      "id": "c2e3b184-2763-4b88-9031-5ee88a92f898"
    },
    {
      "folded": true,
      "id": "8cedf92b-da08-47ac-a662-604edb4d64dd"
    },
    {
      "folded": true,
      "id": "38612095-c73f-4eab-a313-d4d586f12e98"
    },
    {
      "folded": true,
      "id": "1cc9d29e-5be4-444b-a55d-9aefc743d756"
    },
    {
      "folded": true,
      "id": "a8b3e90e-1805-42ad-bb34-6031209549c5"
    },
    {
      "folded": true,
      "id": "33f409e4-0195-49da-ab43-9676438fe0c9"
    },
    {
      "folded": true,
      "id": "9f1665e9-e5cd-4584-90a6-77bb38d9e416"
    },
    {
      "folded": true,
      "id": "c4382083-9d98-48b9-a174-ce8722471908"
    },
    {
      "folded": true,
      "id": "aa6169f2-8bfe-4c75-9dcd-0507c1a17cf7"
    },
    {
      "folded": true,
      "id": "e3819d3c-f308-413d-b1fa-b655a5c6a625"
    },
    {
      "folded": true,
      "id": "a970b8d8-d76b-4c79-ada8-2a299786a030"
    },
    {
      "folded": true,
      "id": "31ca1871-ff9a-4854-8990-75f0064f9076"
    },
    {
      "folded": true,
      "id": "784e417a-0d2c-47e9-bdb2-e6592f54da67"
    },
    {
      "folded": true,
      "id": "5e908ce9-90e6-43b8-88c3-4f671116558d"
    },
    {
      "folded": true,
      "id": "b39f0f1b-0f7a-4478-8883-c94324f0a926"
    },
    {
      "folded": true,
      "id": "eb372505-4dd5-4235-bf42-c76b970da81b"
    },
    {
      "folded": true,
      "id": "500e5f62-b976-48d5-989e-9bbc19f083de"
    },
    {
      "folded": true,
      "id": "1ea59eb5-ead0-4ef4-804a-282203e91033"
    },
    {
      "folded": true,
      "id": "fabb06b0-e9ad-41d0-bdf1-7450161cac36"
    },
    {
      "folded": true,
      "id": "94109483-5770-4801-a9cd-57297f735d31"
    },
    {
      "folded": true,
      "id": "3014181e-9aa3-4ea5-b69e-bd36d7d20e7a"
    },
    {
      "folded": true,
      "id": "4458250e-94ed-424c-b7d9-b87a3818b66d"
    },
    {
      "folded": true,
      "id": "d31b8597-97b8-4bff-aa94-b25edb0422ff"
    },
    {
      "folded": true,
      "id": "77fe3e5b-1bf5-42d5-8b50-ebb4c77922c5"
    },
    {
      "folded": true,
      "id": "0a69256b-7c46-4367-9dfe-68e55fb90d5b"
    },
    {
      "folded": true,
      "id": "118fa44e-7a5f-43d2-9fb1-6f22eb7debab"
    },
    {
      "folded": true,
      "id": "f5c95bb3-ffab-4f82-bb31-03c25f47066f"
    },
    {
      "folded": true,
      "id": "82967614-0d47-412e-a6cc-ea8135704395"
    },
    {
      "folded": true,
      "id": "26f2f943-8cb2-4cc1-a4a9-75c99086c18b"
    },
    {
      "folded": true,
      "id": "3bcdf7d7-09a1-4ceb-958d-ed533e91c07b"
    },
    {
      "folded": true,
      "id": "1d528515-4b41-4326-9752-9cb39516487b"
    },
    {
      "folded": true,
      "id": "2fa08c40-6551-46c9-97ea-3d524a77e71d"
    },
    {
      "folded": true,
      "id": "bc2bb990-3f06-459f-8d47-5a10befc3504"
    },
    {
      "folded": true,
      "id": "33fb3afd-9cbe-44e1-a2f3-0627e66a959e"
    },
    {
      "folded": true,
      "id": "fa9dc60d-5b30-4cf2-9905-c840c044ddb7"
    },
    {
      "folded": true,
      "id": "19ecf805-dc41-4f96-837e-5e6d5ff958fe"
    },
    {
      "folded": true,
      "id": "35bbcfde-95d0-49ae-a2ee-99eb0e061083"
    },
    {
      "folded": true,
      "id": "cd65e0c5-11b0-4cb6-bfd8-d78196d39365"
    },
    {
      "folded": true,
      "id": "6e50271c-6765-4c70-97d9-4d8483567f5a"
    },
    {
      "folded": true,
      "id": "d99edd65-0b91-45b4-942f-d5d9d63a0dff"
    },
    {
      "folded": true,
      "id": "b8d97fb3-6154-40f5-9cf7-f5452ee62abe"
    },
    {
      "folded": true,
      "id": "0e1cd59a-a18e-429f-a548-5238b8cade17"
    },
    {
      "folded": true,
      "id": "4ae61225-de36-4b90-93a1-779d3f666338"
    },
    {
      "folded": true,
      "id": "469aa536-5dd1-4ab7-ae0c-35194492e279"
    },
    {
      "folded": true,
      "id": "5e474169-0544-43fb-8cc1-19592b1fc4c7"
    },
    {
      "folded": true,
      "id": "5af838f2-1874-4cb6-95cb-986403bdd559"
    },
    {
      "folded": true,
      "id": "61aec4c0-adca-4a6a-b633-40cbdd8f5bf3"
    },
    {
      "folded": true,
      "id": "96e7df59-4c21-4a76-9860-639c4dbd9258"
    },
    {
      "folded": true,
      "id": "f60faadc-9dd3-465c-a6ad-27df1b6e8e38"
    },
    {
      "folded": true,
      "id": "477033a5-8c91-4e93-bae8-224a19bb1b79"
    },
    {
      "folded": true,
      "id": "b3238b3a-69cd-43c1-a3a2-329017e75f9f"
    },
    {
      "folded": true,
      "id": "5ff9793a-dafb-4e0b-bd4a-1ce9259873c7"
    },
    {
      "folded": true,
      "id": "a17127bf-cf0f-423d-aac9-95a68cb06e10"
    },
    {
      "folded": true,
      "id": "e58cbcb0-e68d-4518-b8ba-d3a521addc07"
    },
    {
      "folded": true,
      "id": "a2f95dad-8485-48c9-b054-9a87cc6e554a"
    },
    {
      "folded": true,
      "id": "7f0f5787-9277-4b40-89f8-14a0313fa89c"
    },
    {
      "folded": true,
      "id": "4b6cfd3f-98a3-4249-b32a-a2934d442d98"
    },
    {
      "folded": true,
      "id": "e02d7f2f-0a56-410b-97af-fad7bd5256f7"
    },
    {
      "folded": true,
      "id": "b74fdd41-dd2a-4858-b188-29a70f3b8dde"
    },
    {
      "folded": true,
      "id": "35023e26-39f1-4401-9ba6-9813571984dc"
    },
    {
      "folded": true,
      "id": "e3bfc90f-6788-426f-82e2-661ca679a99d"
    },
    {
      "folded": true,
      "id": "06058789-e1d9-4f30-bdfd-59f76eb90e83"
    },
    {
      "folded": true,
      "id": "d88e0615-2711-4781-bd7c-f9a24f537042"
    },
    {
      "folded": true,
      "id": "a83c4090-3974-4807-8d33-750f1df8ab67"
    },
    {
      "folded": true,
      "id": "a0024b82-d40e-4aed-81b3-19ff7f1a101d"
    },
    {
      "folded": true,
      "id": "413ee76b-2d22-4d64-8505-bf9a44c65f26"
    },
    {
      "folded": true,
      "id": "43dbe030-b3c9-478c-b5d5-7f3fad6d9274"
    },
    {
      "folded": true,
      "id": "5e97493d-543b-44fa-89f2-cdaa4d58bd16"
    },
    {
      "folded": true,
      "id": "a7686fa7-3319-46b7-bee0-1b48bc8e536a"
    },
    {
      "folded": true,
      "id": "4d0d47b1-2c30-463e-acd8-0b6fee10e987"
    },
    {
      "folded": true,
      "id": "68953af1-ea4f-4fb5-826c-dbd83561d6fa"
    },
    {
      "folded": true,
      "id": "6fe6c172-110b-445d-bb99-b8f646824787"
    },
    {
      "folded": true,
      "id": "84e63e6e-54ac-4612-8679-a0b0e3c5fe57"
    },
    {
      "folded": true,
      "id": "b72fad49-1065-4279-81b3-78564720d241"
    },
    {
      "folded": true,
      "id": "a351922d-3d85-4bd9-968d-36b796295d1d"
    },
    {
      "folded": true,
      "id": "92f39b8a-c238-4d98-8188-d293bbad084a"
    },
    {
      "folded": true,
      "id": "73a8f356-a317-4b65-b8af-3cd5b651a86d"
    },
    {
      "folded": true,
      "id": "f1419a4f-a2fe-43e0-9814-d55a1976d02a"
    },
    {
      "folded": true,
      "id": "c6151d1a-c146-4639-9068-6ab516dcd214"
    },
    {
      "folded": true,
      "id": "9faeba47-b295-4806-8120-badc591081f0"
    },
    {
      "folded": true,
      "id": "0eefa5d1-5928-40a4-8e89-077c23088567"
    },
    {
      "folded": true,
      "id": "87c6fa61-a481-4b0f-9083-de14cdc6a96b"
    },
    {
      "folded": true,
      "id": "a26624c7-0b38-4d45-9cac-40eba5ac2148"
    },
    {
      "folded": true,
      "id": "8341ad79-d4dc-4dc2-a920-c27efa2b5500"
    },
    {
      "folded": true,
      "id": "19ece0d1-86e3-4ddf-857c-fd1aa32e00e5"
    },
    {
      "folded": true,
      "id": "29937a32-6193-40e7-9ab4-fbe5e0a2e0c6"
    },
    {
      "folded": true,
      "id": "869fe65b-8f47-42ba-bce6-f5c993787f4e"
    },
    {
      "folded": true,
      "id": "ec6c41b3-d988-49c1-a8c3-5e5e9ec1e92b"
    },
    {
      "folded": true,
      "id": "c760c5d4-940d-4a8f-a0ad-0f5630387ae2"
    },
    {
      "folded": true,
      "id": "8a7f76cf-1399-419b-aa20-66a480808567"
    },
    {
      "folded": true,
      "id": "f72902fa-9c55-4fc4-b6b4-2c110c684773"
    },
    {
      "folded": true,
      "id": "71ad20eb-2df1-442b-a2eb-31c798700c17"
    },
    {
      "folded": true,
      "id": "79f7959e-e7dc-4481-8215-f79167b3a191"
    }
  ]
}