{
  "item-states": [
    {
      "folded": false,
      "id": "42d31QRkvlJrZCxoGpWuPOT"
    },
    {
      "folded": false,
      "id": "45022GTOH9OKqeOC/I9/gI8"
    },
    {
      "folded": false,
      "id": "e9a16yk37hMJYltanBEwCco"
    },
    {
      "folded": false,
      "id": "8010e9NVZ9JNrokbIeedPxH"
    },
    {
      "folded": false,
      "id": "fc4f3Vyyd1KZ7fAxrjdctTg"
    },
    {
      "folded": false,
      "id": "022a4FRXT9NCJlTHi8XWa/U"
    },
    {
      "folded": false,
      "id": "631b4fWdIlOf7U6vffC9Unh"
    },
    {
      "folded": false,
      "id": "5f2aak84R1Ir591AfH5M6z2"
    },
    {
      "folded": false,
      "id": "3d0f4bQQhtHfIfHCcDyg/bz"
    },
    {
      "folded": false,
      "id": "accfb0d5Q9Ki6CQBJt0cpkS"
    },
    {
      "folded": false,
      "id": "f0296ASX2FL/6SRcpElEYh+"
    },
    {
      "folded": false,
      "id": "b05e9LNGjlC9LL12NjQEz6o"
    }
  ]
}