{
  "version": "1.1.1",
  "windows": {
    "main": {
      "main": true,
      "url": "app://editor/index.html",
      "windowType": "dockable",
      "x": 0,
      "y": 23,
      "width": 1440,
      "height": 873,
      "layout": {
        "children": [
          {
            "children": [
              {
                "active": 0,
                "children": [
                  "hierarchy"
                ],
                "height": 374,
                "type": "panel",
                "width": 204
              },
              {
                "active": 0,
                "children": [
                  "assets"
                ],
                "height": 404.984375,
                "type": "panel",
                "width": 204
              }
            ],
            "height": 782,
            "type": "dock-v",
            "width": 204
          },
          {
            "children": [
              {
                "children": [
                  {
                    "active": 0,
                    "children": [
                      "scene"
                    ],
                    "height": 553,
                    "type": "panel",
                    "width": 668.984375
                  },
                  {
                    "active": 0,
                    "children": [
                      "node-library"
                    ],
                    "height": 553,
                    "type": "panel",
                    "width": 248
                  }
                ],
                "height": 553,
                "type": "dock-h",
                "width": 920
              },
              {
                "active": 0,
                "children": [
                  "console",
                  "timeline"
                ],
                "height": 226,
                "type": "panel",
                "width": 920
              }
            ],
            "height": 782,
            "type": "dock-v",
            "width": 920
          },
          {
            "active": 0,
            "children": [
              "inspector"
            ],
            "height": 782,
            "type": "panel",
            "width": 304
          }
        ],
        "type": "dock-h"
      },
      "panels": [
        "node-library",
        "console",
        "inspector",
        "hierarchy",
        "assets",
        "scene",
        "timeline"
      ]
    }
  },
  "panels": {
    "builder": {
      "x": 150,
      "y": 97,
      "width": 1000,
      "height": 722
    }
  }
}