{
  "__type__": "cc.AnimationClip",
  "_name": "eyes",
  "_objFlags": 0,
  "_rawFiles": null,
  "_duration": 2.92,
  "sample": 60,
  "speed": 1,
  "wrapMode": 2,
  "curveData": {
    "paths": {
      "eye1@2x": {
        "props": {
          "y": [
            {
              "frame": 0,
              "value": 36.4
            },
            {
              "frame": 0.3333333333333333,
              "value": 36.4
            },
            {
              "frame": 0.65,
              "value": 47.9
            },
            {
              "frame": 1.85,
              "value": 47.9
            },
            {
              "frame": 2.3666666666666667,
              "value": 36.4
            },
            {
              "frame": 2.9166666666666665,
              "value": 36.4
            }
          ],
          "x": [
            {
              "frame": 0,
              "value": 297.4
            },
            {
              "frame": 0.3333333333333333,
              "value": 297.4
            },
            {
              "frame": 0.65,
              "value": 306.8
            },
            {
              "frame": 1.85,
              "value": 306.8
            },
            {
              "frame": 2.3666666666666667,
              "value": 297.4
            },
            {
              "frame": 2.9166666666666665,
              "value": 297.4
            }
          ]
        }
      },
      "eye2@2x": {
        "props": {
          "y": [
            {
              "frame": 0,
              "value": 32
            },
            {
              "frame": 0.3333333333333333,
              "value": 32
            },
            {
              "frame": 0.65,
              "value": 45.1
            },
            {
              "frame": 1.85,
              "value": 45.1
            },
            {
              "frame": 2.3666666666666667,
              "value": 32
            },
            {
              "frame": 2.9166666666666665,
              "value": 32
            }
          ],
          "x": [
            {
              "frame": 0,
              "value": 410
            },
            {
              "frame": 0.3333333333333333,
              "value": 410
            },
            {
              "frame": 0.65,
              "value": 420.5
            },
            {
              "frame": 1.85,
              "value": 420.5
            },
            {
              "frame": 2.3666666666666667,
              "value": 410
            },
            {
              "frame": 2.9166666666666665,
              "value": 410
            }
          ]
        }
      }
    }
  },
  "events": []
}