{
  "__type__": "cc.AnimationClip",
  "_name": "Tree4",
  "_objFlags": 0,
  "_rawFiles": null,
  "_duration": 1.6,
  "sample": 25,
  "speed": 1,
  "wrapMode": 2,
  "curveData": {
    "props": {
      "position": [
        {
          "frame": 0,
          "value": [
            1276,
            -418.9
          ],
          "curve": "cubicIn"
        },
        {
          "frame": 1.6,
          "value": [
            2234.5,
            -814.9
          ]
        }
      ],
      "scaleX": [
        {
          "frame": 0,
          "value": 0.25,
          "curve": "cubicIn"
        },
        {
          "frame": 1.6,
          "value": 1
        }
      ],
      "scaleY": [
        {
          "frame": 0,
          "value": 0.25,
          "curve": "cubicIn"
        },
        {
          "frame": 1.6,
          "value": 1
        }
      ],
      "opacity": [
        {
          "frame": 0,
          "value": 0
        },
        {
          "frame": 0.6,
          "value": 255
        }
      ]
    }
  },
  "events": []
}