{
  "f8e6b000-5643-4b86-9080-aa680ce1f599": {
    "asset": 1511259271000,
    "meta": 1511259271000,
    "relativePath": "image"
  },
  "71561142-4c83-4933-afca-cb7a17f67053": {
    "asset": 1511259271000,
    "meta": 1513320889489,
    "relativePath": "image/default_btn_disabled.png"
  },
  "e851e89b-faa2-4484-bea6-5c01dd9f06e2": {
    "asset": 1511259271000,
    "meta": 1513320889487,
    "relativePath": "image/default_btn_normal.png"
  },
  "d81ec8ad-247c-4e62-aa3c-d35c4193c7af": {
    "asset": 1511259271000,
    "meta": 1513320889520,
    "relativePath": "image/default_panel.png"
  },
  "b43ff3c2-02bb-4874-81f7-f2dea6970f18": {
    "asset": 1511259271000,
    "meta": 1513320889519,
    "relativePath": "image/default_btn_pressed.png"
  },
  "99170b0b-d210-46f1-b213-7d9e3f23098a": {
    "asset": 1511259271000,
    "meta": 1513320889546,
    "relativePath": "image/default_progressbar_bg.png"
  },
  "cfef78f1-c8df-49b7-8ed0-4c953ace2621": {
    "asset": 1511259271000,
    "meta": 1513320889547,
    "relativePath": "image/default_progressbar.png"
  },
  "567dcd80-8bf4-4535-8a5a-313f1caf078a": {
    "asset": 1511259271000,
    "meta": 1513320889571,
    "relativePath": "image/default_radio_button_off.png"
  },
  "9d60001f-b5f4-4726-a629-2659e3ded0b8": {
    "asset": 1511259271000,
    "meta": 1513320889572,
    "relativePath": "image/default_radio_button_on.png"
  },
  "4bab67cb-18e6-4099-b840-355f0473f890": {
    "asset": 1511259271000,
    "meta": 1513320889596,
    "relativePath": "image/default_scrollbar_bg.png"
  },
  "617323dd-11f4-4dd3-8eec-0caf6b3b45b9": {
    "asset": 1511259271000,
    "meta": 1513320889597,
    "relativePath": "image/default_scrollbar_vertical_bg.png"
  },
  "d6d3ca85-4681-47c1-b5dd-d036a9d39ea2": {
    "asset": 1511259271000,
    "meta": 1513320889613,
    "relativePath": "image/default_scrollbar_vertical.png"
  },
  "0291c134-b3da-4098-b7b5-e397edbe947f": {
    "asset": 1511259271000,
    "meta": 1513320889617,
    "relativePath": "image/default_scrollbar.png"
  },
  "0275e94c-56a7-410f-bd1a-fc7483f7d14a": {
    "asset": 1511259271000,
    "meta": 1513320889619,
    "relativePath": "image/default_sprite_splash.png"
  },
  "6e056173-d285-473c-b206-40a7fff5386e": {
    "asset": 1511259271000,
    "meta": 1513320889639,
    "relativePath": "image/default_sprite.png"
  },
  "73a0903d-d80e-4e3c-aa67-f999543c08f5": {
    "asset": 1511259271000,
    "meta": 1513320889640,
    "relativePath": "image/default_toggle_checkmark.png"
  },
  "c25b9d50-c8fc-4d27-beeb-6e7c1f2e5c0f": {
    "asset": 1511259271000,
    "meta": 1513320889669,
    "relativePath": "image/default_toggle_disabled.png"
  },
  "d29077ba-1627-4a72-9579-7b56a235340c": {
    "asset": 1511259271000,
    "meta": 1513320889671,
    "relativePath": "image/default_toggle_normal.png"
  },
  "fc09f9bd-2cce-4605-b630-8145ef809ed6": {
    "asset": 1511259271000,
    "meta": 1511259271000,
    "relativePath": "misc"
  },
  "2be36297-9abb-4fee-8049-9ed5e271da8a": {
    "asset": 1511259271000,
    "meta": 1511259271000,
    "relativePath": "misc/default_video.mp4"
  },
  "f6e6dd15-71d1-4ffe-ace7-24fd39942c05": {
    "asset": 1511259271000,
    "meta": 1511259271000,
    "relativePath": "obsolete"
  },
  "b8223619-7e38-47c4-841f-9160c232495a": {
    "asset": 1511259271000,
    "meta": 1511259271000,
    "relativePath": "obsolete/atom.plist"
  },
  "f743d2b6-b7ea-4c14-a55b-547ed4d0a045": {
    "asset": 1511259271000,
    "meta": 1511259271000,
    "relativePath": "particle"
  },
  "b181c1e4-0a72-4a91-bfb0-ae6f36ca60bd": {
    "asset": 1511259271000,
    "meta": 1513320889685,
    "relativePath": "image/default_toggle_pressed.png"
  },
  "b2687ac4-099e-403c-a192-ff477686f4f5": {
    "asset": 1511259271000,
    "meta": 1511259271000,
    "relativePath": "particle/atom.plist"
  },
  "ae6c6c98-11e4-452f-8758-75f5c6a56e83": {
    "asset": 1511259271000,
    "meta": 1511259271000,
    "relativePath": "prefab"
  },
  "2c937608-2562-40ea-b264-7395df6f0cea": {
    "asset": 1511259271000,
    "meta": 1513320889676,
    "relativePath": "prefab/canvas.prefab"
  },
  "972b9a4d-47ee-4c74-b5c3-61d8a69bc29f": {
    "asset": 1511259271000,
    "meta": 1513320889675,
    "relativePath": "prefab/button.prefab"
  },
  "27756ebb-3d33-44b0-9b96-e858fadd4dd4": {
    "asset": 1511259271000,
    "meta": 1513320889680,
    "relativePath": "prefab/label.prefab"
  },
  "61aeb05b-3b32-452b-8eed-2b76deeed554": {
    "asset": 1511259271000,
    "meta": 1513320889678,
    "relativePath": "prefab/editbox.prefab"
  },
  "785a442c-3ceb-45be-a46e-7317f625f3b9": {
    "asset": 1511259271000,
    "meta": 1513320889681,
    "relativePath": "prefab/layout.prefab"
  },
  "ca8401fe-ad6e-41a8-bd46-8e3e4e9945be": {
    "asset": 1511259271000,
    "meta": 1513320889683,
    "relativePath": "prefab/pageview.prefab"
  },
  "cd33edea-55f5-46c2-958d-357a01384a36": {
    "asset": 1511259271000,
    "meta": 1513320889686,
    "relativePath": "prefab/particlesystem.prefab"
  },
  "5965ffac-69da-4b55-bcde-9225d0613c28": {
    "asset": 1511259271000,
    "meta": 1513320889687,
    "relativePath": "prefab/progressBar.prefab"
  },
  "4a37dd57-78cd-4cec-aad4-f11a73d12b63": {
    "asset": 1511259271000,
    "meta": 1513320889688,
    "relativePath": "prefab/richtext.prefab"
  },
  "32044bd2-481f-4cf1-a656-e2b2fb1594eb": {
    "asset": 1511259271000,
    "meta": 1513320889689,
    "relativePath": "prefab/scrollview.prefab"
  },
  "0004d1cf-a0ad-47d8-ab17-34d3db9d35a3": {
    "asset": 1511259271000,
    "meta": 1513320889691,
    "relativePath": "prefab/slider.prefab"
  },
  "1f55e3be-b89b-4b79-88de-47fd31018044": {
    "asset": 1511259271000,
    "meta": 1513320889693,
    "relativePath": "prefab/sprite_splash.prefab"
  },
  "7de03a80-4457-438d-95a7-3e7cdffd6086": {
    "asset": 1511259271000,
    "meta": 1513320889695,
    "relativePath": "prefab/tiledmap.prefab"
  },
  "96083d03-c332-4a3f-9386-d03e2d19e8ee": {
    "asset": 1511259271000,
    "meta": 1513320889694,
    "relativePath": "prefab/sprite.prefab"
  },
  "0d784963-d024-4ea6-a7db-03be0ad63010": {
    "asset": 1511259271000,
    "meta": 1513320889697,
    "relativePath": "prefab/toggle.prefab"
  },
  "bf0a434c-84dd-4a8e-a08a-7a36f180cc75": {
    "asset": 1511259271000,
    "meta": 1513320889699,
    "relativePath": "prefab/toggleGroup.prefab"
  },
  "232d2782-c4bd-4bb4-9e01-909f03d6d3b9": {
    "asset": 1511259271000,
    "meta": 1513320889701,
    "relativePath": "prefab/videoplayer.prefab"
  },
  "8c5001fd-07ee-4a4b-a8a0-63e15195e94d": {
    "asset": 1511259271000,
    "meta": 1513320889702,
    "relativePath": "prefab/webview.prefab"
  },
  "9f897077-e99e-45b3-8eab-265937dcedc3": {
    "asset": 1509968057000,
    "meta": 1510567957000,
    "relativePath": "anim"
  },
  "8cf7f9eb-0d28-4dc7-b284-82a94041ecc6": {
    "asset": 1509968057000,
    "meta": 1510567957000,
    "relativePath": "anim/completeFeedback.anim"
  },
  "13217cd8-f3dc-47f9-846e-ae9ba569d8f1": {
    "asset": 1509968057000,
    "meta": 1510567957000,
    "relativePath": "anim/feedBacklight.anim"
  },
  "993c2445-d31a-4ffb-bd83-f3e614d9bd29": {
    "asset": 1509968057000,
    "meta": 1510567957000,
    "relativePath": "anim/rightSelect.anim"
  },
  "fbfd9c7c-faf5-44d1-8726-b5a8316d787a": {
    "asset": 1509968057000,
    "meta": 1510567957000,
    "relativePath": "anim/showText.anim"
  },
  "f883ebbc-3f22-4e88-9abf-dfe3ff2540b9": {
    "asset": 1510563897000,
    "meta": 1510567957000,
    "relativePath": "base"
  },
  "5116c731-a128-4a54-b4a9-0d89a833c475": {
    "asset": 1509968057000,
    "meta": 1510567958000,
    "relativePath": "anim/wrongSelect.anim"
  },
  "f4c579d5-840d-4310-af2e-0dd054403157": {
    "asset": 1509968057000,
    "meta": 1510567958000,
    "relativePath": "base/LocalSaveJS.js"
  },
  "c0e4e3a0-b011-41b6-82d6-c31f202631fe": {
    "asset": 1513320903209,
    "meta": 1513320903228,
    "relativePath": "CocosGame.fire"
  },
  "558fbe73-31b6-47c1-9716-4570148540a3": {
    "asset": 1512632458986,
    "meta": 1510567958000,
    "relativePath": "components"
  },
  "781b722f-737d-47df-9752-239b6f043e27": {
    "asset": 1509968057000,
    "meta": 1510567958000,
    "relativePath": "components/DragOptions"
  },
  "a753474d-0224-4bfd-aeb9-0654190185d5": {
    "asset": 1509968057000,
    "meta": 1510567958000,
    "relativePath": "components/DragOptions/dragButton_num.prefab"
  },
  "9f1665e9-e5cd-4584-90a6-77bb38d9e416": {
    "asset": 1509968057000,
    "meta": 1510567958000,
    "relativePath": "components/DragOptions/btn.png"
  },
  "e82e7e36-e842-4b9e-a020-8b5d43b89dcb": {
    "asset": 1509968057000,
    "meta": 1510567958000,
    "relativePath": "components/Feedback"
  },
  "fa5ad3f5-1476-4f0c-b44d-697fb58b4020": {
    "asset": 1509968057000,
    "meta": 1510567958000,
    "relativePath": "components/DragOptions/dragOptionJS.js"
  },
  "4603f29a-0943-4a68-9dcb-6d5598e71034": {
    "asset": 1509968057000,
    "meta": 1510567958000,
    "relativePath": "components/Feedback/Anims"
  },
  "42d950d8-e3c1-42a1-ae1f-a6de6a8d0ec3": {
    "asset": 1509968057000,
    "meta": 1510567958000,
    "relativePath": "components/Feedback/Anims/Feedback_1.anim"
  },
  "2e18d02b-3c26-4803-9da2-2320954f4e6d": {
    "asset": 1509968057000,
    "meta": 1510567958000,
    "relativePath": "components/Feedback/Anims/Feedback_2.anim"
  },
  "1c06418a-1ea2-4aab-bbed-57a359c04c1d": {
    "asset": 1509968057000,
    "meta": 1510567958000,
    "relativePath": "components/Feedback/Anims/Feedback_3.anim"
  },
  "38612095-c73f-4eab-a313-d4d586f12e98": {
    "asset": 1510563897000,
    "meta": 1510567958000,
    "relativePath": "components/Feedback/longxia"
  },
  "e1c8cc6a-c403-42e9-b4ea-6499a5211e26": {
    "asset": 1509968057000,
    "meta": 1510567958000,
    "relativePath": "components/Feedback/feedback_node.prefab"
  },
  "c6151d1a-c146-4639-9068-6ab516dcd214": {
    "asset": 1510563897000,
    "meta": 1510567958000,
    "relativePath": "components/Feedback/longxia/dacuole_1.png"
  },
  "87c6fa61-a481-4b0f-9083-de14cdc6a96b": {
    "asset": 1510563897000,
    "meta": 1510567958000,
    "relativePath": "components/Feedback/longxia/dacuole_2.png"
  },
  "9faeba47-b295-4806-8120-badc591081f0": {
    "asset": 1510563897000,
    "meta": 1510567958000,
    "relativePath": "components/Feedback/longxia/daduile_2.png"
  },
  "0eefa5d1-5928-40a4-8e89-077c23088567": {
    "asset": 1510563897000,
    "meta": 1510567958000,
    "relativePath": "components/Feedback/longxia/daduile_1.png"
  },
  "d88e0615-2711-4781-bd7c-f9a24f537042": {
    "asset": 1509968057000,
    "meta": 1510567958000,
    "relativePath": "components/Feedback/longxia/gongxini.png"
  },
  "79f7959e-e7dc-4481-8215-f79167b3a191": {
    "asset": 1510563897000,
    "meta": 1510567958000,
    "relativePath": "components/Feedback/longxia/shijiandao_1.png"
  },
  "f72902fa-9c55-4fc4-b6b4-2c110c684773": {
    "asset": 1510563897000,
    "meta": 1510567958000,
    "relativePath": "components/Feedback/longxia/shijiandao_2.png"
  },
  "71ad20eb-2df1-442b-a2eb-31c798700c17": {
    "asset": 1510563897000,
    "meta": 1510567958000,
    "relativePath": "components/Feedback/longxia/shijiandao_3.png"
  },
  "8341ad79-d4dc-4dc2-a920-c27efa2b5500": {
    "asset": 1509968057000,
    "meta": 1510567958000,
    "relativePath": "components/Feedback/longxia/shijiandao.png"
  },
  "d71f7880-311a-456d-9935-a55524ed94fd": {
    "asset": 1509968057000,
    "meta": 1510567958000,
    "relativePath": "components/Feedback/ShowFeedback.js"
  },
  "1cc9d29e-5be4-444b-a55d-9aefc743d756": {
    "asset": 1509968057000,
    "meta": 1510567958000,
    "relativePath": "components/Feedback/textures"
  },
  "a26624c7-0b38-4d45-9cac-40eba5ac2148": {
    "asset": 1509968057000,
    "meta": 1510567958000,
    "relativePath": "components/Feedback/longxia/yaojiayou.png"
  },
  "d1ae1137-419f-4e28-8cfa-39229d8d7cbd": {
    "asset": 1509968057000,
    "meta": 1510567958000,
    "relativePath": "components/Options"
  },
  "31ca1871-ff9a-4854-8990-75f0064f9076": {
    "asset": 1509968057000,
    "meta": 1510567958000,
    "relativePath": "components/Options/button_bg.png"
  },
  "489e9394-6d08-461a-8054-07c57c473c27": {
    "asset": 1509968057000,
    "meta": 1510567958000,
    "relativePath": "components/Options/button_num.prefab"
  },
  "cec4f065-189d-4dc3-9433-8ebd49ceb471": {
    "asset": 1509968057000,
    "meta": 1510567958000,
    "relativePath": "components/Options/OptionJS.js"
  },
  "79b81814-f775-459c-9634-65b5174b47c8": {
    "asset": 1509968057000,
    "meta": 1510567958000,
    "relativePath": "components/Paopao"
  },
  "a8b3e90e-1805-42ad-bb34-6031209549c5": {
    "asset": 1509968057000,
    "meta": 1510567958000,
    "relativePath": "components/Paopao/paopao.png"
  },
  "9516c096-f663-4f1c-a907-172c958eb442": {
    "asset": 1509968057000,
    "meta": 1510567958000,
    "relativePath": "components/Paopao/paopao.prefab"
  },
  "64af77ea-a3e2-47d7-b688-4f1dbad85862": {
    "asset": 1509968057000,
    "meta": 1510567958000,
    "relativePath": "components/Paopao/PaoPaoJS.js"
  },
  "ac1ee8ca-292d-4826-9620-34634fd19c4b": {
    "asset": 1509968057000,
    "meta": 1510567958000,
    "relativePath": "components/QuestionList"
  },
  "5e908ce9-90e6-43b8-88c3-4f671116558d": {
    "asset": 1509968057000,
    "meta": 1510567958000,
    "relativePath": "components/QuestionList/btnLast.png"
  },
  "a351922d-3d85-4bd9-968d-36b796295d1d": {
    "asset": 1509968057000,
    "meta": 1510567958000,
    "relativePath": "components/Feedback/textures/zhezhao.png"
  },
  "500e5f62-b976-48d5-989e-9bbc19f083de": {
    "asset": 1509968057000,
    "meta": 1510567958000,
    "relativePath": "components/QuestionList/btnLast1.png"
  },
  "b39f0f1b-0f7a-4478-8883-c94324f0a926": {
    "asset": 1509968057000,
    "meta": 1510567958000,
    "relativePath": "components/QuestionList/btnNext.png"
  },
  "eb372505-4dd5-4235-bf42-c76b970da81b": {
    "asset": 1509968057000,
    "meta": 1510567958000,
    "relativePath": "components/QuestionList/btnNext1.png"
  },
  "7a656236-dee9-402b-b903-01281aedfd17": {
    "asset": 1509968057000,
    "meta": 1510567958000,
    "relativePath": "components/QuestionList/QuestionNumListJS.js"
  },
  "676a0999-88dd-4521-a251-00753c191f88": {
    "asset": 1509968057000,
    "meta": 1510567958000,
    "relativePath": "components/QuestionList/questionNumScrollView_node.prefab"
  },
  "ee535342-837c-413b-b66d-5994ba0b3ea8": {
    "asset": 1509968057000,
    "meta": 1510567958000,
    "relativePath": "components/QuestionNum"
  },
  "a970b8d8-d76b-4c79-ada8-2a299786a030": {
    "asset": 1509968057000,
    "meta": 1510567958000,
    "relativePath": "components/QuestionNum/numBg.png"
  },
  "784e417a-0d2c-47e9-bdb2-e6592f54da67": {
    "asset": 1509968057000,
    "meta": 1510567958000,
    "relativePath": "components/QuestionNum/numBg1.png"
  },
  "6e8f92f9-4a65-4236-b44b-b1d4836d3cf1": {
    "asset": 1509968057000,
    "meta": 1510567958000,
    "relativePath": "components/QuestionNum/questionNum.prefab"
  },
  "511cc9d4-84f7-4457-9b0c-4479263cd7f6": {
    "asset": 1509968057000,
    "meta": 1510567958000,
    "relativePath": "components/QuestionNum/QuestionNumJS.js"
  },
  "20bdc4ce-9217-478c-8cb5-5fd1b5a4bb37": {
    "asset": 1509968057000,
    "meta": 1510567958000,
    "relativePath": "components/Title"
  },
  "4ea10a77-9487-4472-9031-096e4c89bc6b": {
    "asset": 1509968057000,
    "meta": 1510567958000,
    "relativePath": "components/Title/title_node.prefab"
  },
  "5b283222-47f0-4180-b90d-fb36b3262829": {
    "asset": 1509968057000,
    "meta": 1510567958000,
    "relativePath": "components/Title/TitleJS.js"
  },
  "99596aa0-74f7-4572-9385-fe82d6f620f0": {
    "asset": 1510563897000,
    "meta": 1510567958000,
    "relativePath": "components/Xingxing"
  },
  "d20d5713-2c70-43fa-9b60-260139cc2ef4": {
    "asset": 1510563897000,
    "meta": 1510567958000,
    "relativePath": "components/Xingxing/tex"
  },
  "477033a5-8c91-4e93-bae8-224a19bb1b79": {
    "asset": 1510563897000,
    "meta": 1510567958000,
    "relativePath": "components/Xingxing/tex/xingxing_1.png"
  },
  "5ff9793a-dafb-4e0b-bd4a-1ce9259873c7": {
    "asset": 1510563897000,
    "meta": 1510567958000,
    "relativePath": "components/Xingxing/tex/xingxing_2.png"
  },
  "e58cbcb0-e68d-4518-b8ba-d3a521addc07": {
    "asset": 1510563897000,
    "meta": 1510567958000,
    "relativePath": "components/Xingxing/tex/xingxing_3.png"
  },
  "7f0f5787-9277-4b40-89f8-14a0313fa89c": {
    "asset": 1510563897000,
    "meta": 1510567958000,
    "relativePath": "components/Xingxing/tex/xingxing_4.png"
  },
  "2fa08c40-6551-46c9-97ea-3d524a77e71d": {
    "asset": 1510563897000,
    "meta": 1510567958000,
    "relativePath": "components/Xingxing/tex/xingxing_5.png"
  },
  "33f409e4-0195-49da-ab43-9676438fe0c9": {
    "asset": 1509968057000,
    "meta": 1510567958000,
    "relativePath": "components/Xingxing/xingxing"
  },
  "7c6e8eea-75a5-49c8-b5fa-08c66c0275ca": {
    "asset": 1509968057000,
    "meta": 1510567958000,
    "relativePath": "components/Xingxing/xingxing.prefab"
  },
  "33fb3afd-9cbe-44e1-a2f3-0627e66a959e": {
    "asset": 1510563897000,
    "meta": 1510567958000,
    "relativePath": "components/Xingxing/tex/xingxing_6.png"
  },
  "869fe65b-8f47-42ba-bce6-f5c993787f4e": {
    "asset": 1509968057000,
    "meta": 1510567958000,
    "relativePath": "components/Xingxing/xingxing/xingxing_1.png"
  },
  "29937a32-6193-40e7-9ab4-fbe5e0a2e0c6": {
    "asset": 1509968057000,
    "meta": 1510567958000,
    "relativePath": "components/Xingxing/xingxing/xingxing_2.png"
  },
  "ec6c41b3-d988-49c1-a8c3-5e5e9ec1e92b": {
    "asset": 1509968057000,
    "meta": 1510567958000,
    "relativePath": "components/Xingxing/xingxing/xingxing_3.png"
  },
  "c760c5d4-940d-4a8f-a0ad-0f5630387ae2": {
    "asset": 1509968057000,
    "meta": 1510567958000,
    "relativePath": "components/Xingxing/xingxing/xingxing_4.png"
  },
  "8a7f76cf-1399-419b-aa20-66a480808567": {
    "asset": 1509968057000,
    "meta": 1510567958000,
    "relativePath": "components/Xingxing/xingxing/xingxing_5.png"
  },
  "19ece0d1-86e3-4ddf-857c-fd1aa32e00e5": {
    "asset": 1509968057000,
    "meta": 1510567958000,
    "relativePath": "components/Xingxing/xingxing/xingxing_6.png"
  },
  "54aaafb9-2a0c-48db-aa25-ef3a81f8befb": {
    "asset": 1513073027999,
    "meta": 1510567958000,
    "relativePath": "prefabs"
  },
  "ea220563-693b-4668-b433-cae77982c61c": {
    "asset": 1509968057000,
    "meta": 1510567958000,
    "relativePath": "components/Xingxing/XingxingJS.js"
  },
  "444c0d89-6610-460e-acb4-d4bca78ae6b7": {
    "asset": 1511339187961,
    "meta": 1511339187972,
    "relativePath": "prefabs/brick.prefab"
  },
  "035a05a4-e783-45b1-a9c3-46ef3df877a5": {
    "asset": 1509968057000,
    "meta": 1510567958000,
    "relativePath": "prefabs/psNode.prefab"
  },
  "cd1ec6e0-e5e2-4d93-8f63-fc785bfcb7e4": {
    "asset": 1513073027999,
    "meta": 1511423546069,
    "relativePath": "resources"
  },
  "62bcf23b-821a-4acb-9000-b1c815c6f0c6": {
    "asset": 1509968057000,
    "meta": 1510567958000,
    "relativePath": "resources/Arial Black.ttf"
  },
  "8958108a-b28f-47bd-84b0-58b3fd54a8df": {
    "asset": 1509968057000,
    "meta": 1509968057000,
    "relativePath": "resources/BGM.mp3"
  },
  "421986b3-b666-4593-83e2-41224d4e7824": {
    "asset": 1509968057000,
    "meta": 1510567958000,
    "relativePath": "resources/bingo1.png"
  },
  "5122d9e7-e5ff-4b8e-bde3-b43cf79e5caa": {
    "asset": 1509968057000,
    "meta": 1510567958000,
    "relativePath": "resources/bingo2.png"
  },
  "a088d043-74e3-48e6-8a9f-f703c8e04286": {
    "asset": 1509968057000,
    "meta": 1510567958000,
    "relativePath": "resources/bingo3.png"
  },
  "273ecc7c-08e6-462d-bf79-f0de53ea580c": {
    "asset": 1509968057000,
    "meta": 1510567959000,
    "relativePath": "resources/bingo4.png"
  },
  "6c32352d-ea14-40a0-9d36-635034ea6780": {
    "asset": 1509968057000,
    "meta": 1510567959000,
    "relativePath": "resources/bingo5.png"
  },
  "2c48dec9-b010-4ebc-b76b-9c99e873983a": {
    "asset": 1509968057000,
    "meta": 1510567959000,
    "relativePath": "resources/bingo6.png"
  },
  "2cc338d2-4993-4d3d-8fa6-3a93a8d337f7": {
    "asset": 1509968057000,
    "meta": 1510567959000,
    "relativePath": "resources/bingo7.png"
  },
  "f1488889-fa5e-4762-80cd-350e42fb9672": {
    "asset": 1509968057000,
    "meta": 1510567959000,
    "relativePath": "resources/bingo8.png"
  },
  "ae181f1b-ef97-4fae-af40-33c44681c0ad": {
    "asset": 1509968057000,
    "meta": 1510567959000,
    "relativePath": "resources/bingo9.png"
  },
  "60cb99be-40de-4944-baee-a0ec7946d39f": {
    "asset": 1509968057000,
    "meta": 1509968057000,
    "relativePath": "resources/boom.mp3"
  },
  "a2446b45-3a22-44dd-b22c-9619e612359e": {
    "asset": 1509968057000,
    "meta": 1510567959000,
    "relativePath": "resources/brick.png"
  },
  "3a6a4a5b-a4c6-41d4-ab08-e20fe9fe5e85": {
    "asset": 1509968057000,
    "meta": 1509968057000,
    "relativePath": "resources/cheer.mp3"
  },
  "48c56288-da11-474d-ab8a-3ac5dc450b29": {
    "asset": 1509968057000,
    "meta": 1510567959000,
    "relativePath": "resources/feedbackPic.png"
  },
  "02ce7e8c-6241-4dc9-a72d-c58725a2cbb2": {
    "asset": 1509968057000,
    "meta": 1509968057000,
    "relativePath": "resources/flop.mp3"
  },
  "eb7e72e4-f43c-4ac2-8c73-6cf4a22874ee": {
    "asset": 1510563897000,
    "meta": 1510567959000,
    "relativePath": "resources/labaPress.png"
  },
  "cd3de7af-c3dd-4f9e-872f-48e1ddc07554": {
    "asset": 1510563897000,
    "meta": 1510567959000,
    "relativePath": "resources/labaUnpress.png"
  },
  "c4382083-9d98-48b9-a174-ce8722471908": {
    "asset": 1510563897000,
    "meta": 1510567959000,
    "relativePath": "resources/play_again_press.png"
  },
  "e3819d3c-f308-413d-b1fa-b655a5c6a625": {
    "asset": 1510563897000,
    "meta": 1510567959000,
    "relativePath": "resources/play_again_unpress.png"
  },
  "733a9a15-3046-4ee9-9316-fdc889bfdb15": {
    "asset": 1509968057000,
    "meta": 1510567959000,
    "relativePath": "resources/review_press.png"
  },
  "2f332dea-0fd1-4949-9a3f-fce38cd2254a": {
    "asset": 1509968057000,
    "meta": 1510567959000,
    "relativePath": "resources/soundBtn.png"
  },
  "7c5a5019-d06c-43d1-a749-805f6e677a29": {
    "asset": 1509968057000,
    "meta": 1510567959000,
    "relativePath": "resources/review.png"
  },
  "3872b464-1191-4550-b42f-29316211ea8a": {
    "asset": 1510563897000,
    "meta": 1510567959000,
    "relativePath": "resources/spriteframe"
  },
  "4365cd83-de99-442c-a243-9264ee6dda1b": {
    "asset": 1509968057000,
    "meta": 1510567959000,
    "relativePath": "resources/soundLabel.png"
  },
  "b8d97fb3-6154-40f5-9cf7-f5452ee62abe": {
    "asset": 1510563897000,
    "meta": 1510567959000,
    "relativePath": "resources/spriteframe/finish_00001.png"
  },
  "4ae61225-de36-4b90-93a1-779d3f666338": {
    "asset": 1510563897000,
    "meta": 1510567959000,
    "relativePath": "resources/spriteframe/finish_00000.png"
  },
  "d99edd65-0b91-45b4-942f-d5d9d63a0dff": {
    "asset": 1510563897000,
    "meta": 1510567959000,
    "relativePath": "resources/spriteframe/finish_00002.png"
  },
  "6e50271c-6765-4c70-97d9-4d8483567f5a": {
    "asset": 1510563897000,
    "meta": 1510567959000,
    "relativePath": "resources/spriteframe/finish_00003.png"
  },
  "cd65e0c5-11b0-4cb6-bfd8-d78196d39365": {
    "asset": 1510563897000,
    "meta": 1510567959000,
    "relativePath": "resources/spriteframe/finish_00004.png"
  },
  "35bbcfde-95d0-49ae-a2ee-99eb0e061083": {
    "asset": 1510563897000,
    "meta": 1510567959000,
    "relativePath": "resources/spriteframe/finish_00005.png"
  },
  "19ecf805-dc41-4f96-837e-5e6d5ff958fe": {
    "asset": 1510563897000,
    "meta": 1510567959000,
    "relativePath": "resources/spriteframe/finish_00006.png"
  },
  "fa9dc60d-5b30-4cf2-9905-c840c044ddb7": {
    "asset": 1510563897000,
    "meta": 1510567959000,
    "relativePath": "resources/spriteframe/finish_00007.png"
  },
  "bc2bb990-3f06-459f-8d47-5a10befc3504": {
    "asset": 1510563897000,
    "meta": 1510567959000,
    "relativePath": "resources/spriteframe/finish_00008.png"
  },
  "4b6cfd3f-98a3-4249-b32a-a2934d442d98": {
    "asset": 1510563897000,
    "meta": 1510567959000,
    "relativePath": "resources/spriteframe/finish_00009.png"
  },
  "a2f95dad-8485-48c9-b054-9a87cc6e554a": {
    "asset": 1510563897000,
    "meta": 1510567959000,
    "relativePath": "resources/spriteframe/finish_00010.png"
  },
  "a17127bf-cf0f-423d-aac9-95a68cb06e10": {
    "asset": 1510563897000,
    "meta": 1510567959000,
    "relativePath": "resources/spriteframe/finish_00011.png"
  },
  "b3238b3a-69cd-43c1-a3a2-329017e75f9f": {
    "asset": 1510563897000,
    "meta": 1510567959000,
    "relativePath": "resources/spriteframe/finish_00012.png"
  },
  "f60faadc-9dd3-465c-a6ad-27df1b6e8e38": {
    "asset": 1510563897000,
    "meta": 1510567959000,
    "relativePath": "resources/spriteframe/finish_00013.png"
  },
  "96e7df59-4c21-4a76-9860-639c4dbd9258": {
    "asset": 1510563897000,
    "meta": 1510567959000,
    "relativePath": "resources/spriteframe/finish_00014.png"
  },
  "61aec4c0-adca-4a6a-b633-40cbdd8f5bf3": {
    "asset": 1510563897000,
    "meta": 1510567959000,
    "relativePath": "resources/spriteframe/finish_00015.png"
  },
  "5af838f2-1874-4cb6-95cb-986403bdd559": {
    "asset": 1510563897000,
    "meta": 1510567959000,
    "relativePath": "resources/spriteframe/finish_00016.png"
  },
  "5e474169-0544-43fb-8cc1-19592b1fc4c7": {
    "asset": 1510563897000,
    "meta": 1510567959000,
    "relativePath": "resources/spriteframe/finish_00017.png"
  },
  "469aa536-5dd1-4ab7-ae0c-35194492e279": {
    "asset": 1510563897000,
    "meta": 1510567960000,
    "relativePath": "resources/spriteframe/finish_00018.png"
  },
  "0e1cd59a-a18e-429f-a548-5238b8cade17": {
    "asset": 1510563897000,
    "meta": 1510567960000,
    "relativePath": "resources/spriteframe/finish_00019.png"
  },
  "b72fad49-1065-4279-81b3-78564720d241": {
    "asset": 1510563897000,
    "meta": 1510567960000,
    "relativePath": "resources/spriteframe/finishbg_00000.png"
  },
  "73a8f356-a317-4b65-b8af-3cd5b651a86d": {
    "asset": 1510563897000,
    "meta": 1510567960000,
    "relativePath": "resources/spriteframe/finishbg_00001.png"
  },
  "e02d7f2f-0a56-410b-97af-fad7bd5256f7": {
    "asset": 1510563897000,
    "meta": 1510567960000,
    "relativePath": "resources/spriteframe/finishbg_00002.png"
  },
  "b74fdd41-dd2a-4858-b188-29a70f3b8dde": {
    "asset": 1510563897000,
    "meta": 1510567960000,
    "relativePath": "resources/spriteframe/finishbg_00003.png"
  },
  "35023e26-39f1-4401-9ba6-9813571984dc": {
    "asset": 1510563897000,
    "meta": 1510567960000,
    "relativePath": "resources/spriteframe/finishbg_00004.png"
  },
  "e3bfc90f-6788-426f-82e2-661ca679a99d": {
    "asset": 1510563897000,
    "meta": 1510567960000,
    "relativePath": "resources/spriteframe/finishbg_00005.png"
  },
  "06058789-e1d9-4f30-bdfd-59f76eb90e83": {
    "asset": 1510563897000,
    "meta": 1510567960000,
    "relativePath": "resources/spriteframe/finishbg_00006.png"
  },
  "5e97493d-543b-44fa-89f2-cdaa4d58bd16": {
    "asset": 1510563897000,
    "meta": 1510567960000,
    "relativePath": "resources/spriteframe/finishbg_00007.png"
  },
  "6fe6c172-110b-445d-bb99-b8f646824787": {
    "asset": 1510563897000,
    "meta": 1510567960000,
    "relativePath": "resources/spriteframe/finishbg_00008.png"
  },
  "84e63e6e-54ac-4612-8679-a0b0e3c5fe57": {
    "asset": 1510563897000,
    "meta": 1510567960000,
    "relativePath": "resources/spriteframe/finishbg_00009.png"
  },
  "92f39b8a-c238-4d98-8188-d293bbad084a": {
    "asset": 1510563897000,
    "meta": 1510567960000,
    "relativePath": "resources/spriteframe/finishbg_00010.png"
  },
  "f1419a4f-a2fe-43e0-9814-d55a1976d02a": {
    "asset": 1510563897000,
    "meta": 1510567960000,
    "relativePath": "resources/spriteframe/finishbg_00011.png"
  },
  "0a69256b-7c46-4367-9dfe-68e55fb90d5b": {
    "asset": 1510563897000,
    "meta": 1510567960000,
    "relativePath": "resources/spriteframe/right_00000.png"
  },
  "118fa44e-7a5f-43d2-9fb1-6f22eb7debab": {
    "asset": 1510563897000,
    "meta": 1510567960000,
    "relativePath": "resources/spriteframe/right_00001.png"
  },
  "f5c95bb3-ffab-4f82-bb31-03c25f47066f": {
    "asset": 1510563897000,
    "meta": 1510567960000,
    "relativePath": "resources/spriteframe/right_00002.png"
  },
  "82967614-0d47-412e-a6cc-ea8135704395": {
    "asset": 1510563897000,
    "meta": 1510567960000,
    "relativePath": "resources/spriteframe/right_00003.png"
  },
  "26f2f943-8cb2-4cc1-a4a9-75c99086c18b": {
    "asset": 1510563897000,
    "meta": 1510567960000,
    "relativePath": "resources/spriteframe/right_00004.png"
  },
  "3bcdf7d7-09a1-4ceb-958d-ed533e91c07b": {
    "asset": 1510563897000,
    "meta": 1510567960000,
    "relativePath": "resources/spriteframe/right_00005.png"
  },
  "3014181e-9aa3-4ea5-b69e-bd36d7d20e7a": {
    "asset": 1510563897000,
    "meta": 1510567960000,
    "relativePath": "resources/spriteframe/right_00006.png"
  },
  "68953af1-ea4f-4fb5-826c-dbd83561d6fa": {
    "asset": 1510563897000,
    "meta": 1510567960000,
    "relativePath": "resources/spriteframe/wordShow_00000.png"
  },
  "4d0d47b1-2c30-463e-acd8-0b6fee10e987": {
    "asset": 1510563897000,
    "meta": 1510567960000,
    "relativePath": "resources/spriteframe/wordShow_00001.png"
  },
  "a7686fa7-3319-46b7-bee0-1b48bc8e536a": {
    "asset": 1510563897000,
    "meta": 1510567960000,
    "relativePath": "resources/spriteframe/wordShow_00002.png"
  },
  "43dbe030-b3c9-478c-b5d5-7f3fad6d9274": {
    "asset": 1510563897000,
    "meta": 1510567960000,
    "relativePath": "resources/spriteframe/wordShow_00003.png"
  },
  "413ee76b-2d22-4d64-8505-bf9a44c65f26": {
    "asset": 1510563897000,
    "meta": 1510567960000,
    "relativePath": "resources/spriteframe/wordShow_00004.png"
  },
  "a0024b82-d40e-4aed-81b3-19ff7f1a101d": {
    "asset": 1510563897000,
    "meta": 1510567960000,
    "relativePath": "resources/spriteframe/wordShow_00005.png"
  },
  "a83c4090-3974-4807-8d33-750f1df8ab67": {
    "asset": 1510563897000,
    "meta": 1510567960000,
    "relativePath": "resources/spriteframe/wordShow_00006.png"
  },
  "1d528515-4b41-4326-9752-9cb39516487b": {
    "asset": 1510563897000,
    "meta": 1510567960000,
    "relativePath": "resources/spriteframe/wrong_00001.png"
  },
  "1ea59eb5-ead0-4ef4-804a-282203e91033": {
    "asset": 1510563897000,
    "meta": 1510567960000,
    "relativePath": "resources/spriteframe/wrong_00002.png"
  },
  "d31b8597-97b8-4bff-aa94-b25edb0422ff": {
    "asset": 1510563897000,
    "meta": 1510567960000,
    "relativePath": "resources/spriteframe/wrong_00003.png"
  },
  "4458250e-94ed-424c-b7d9-b87a3818b66d": {
    "asset": 1510563897000,
    "meta": 1510567960000,
    "relativePath": "resources/spriteframe/wrong_00004.png"
  },
  "94109483-5770-4801-a9cd-57297f735d31": {
    "asset": 1510563897000,
    "meta": 1510567960000,
    "relativePath": "resources/spriteframe/wrong_00005.png"
  },
  "fabb06b0-e9ad-41d0-bdf1-7450161cac36": {
    "asset": 1510563897000,
    "meta": 1510567960000,
    "relativePath": "resources/spriteframe/wrong_00006.png"
  },
  "77fe3e5b-1bf5-42d5-8b50-ebb4c77922c5": {
    "asset": 1510563897000,
    "meta": 1510567960000,
    "relativePath": "resources/spriteframe/wrong_00007.png"
  },
  "507a73c4-bbd4-4633-8e17-ebefd5ef50e5": {
    "asset": 1509968057000,
    "meta": 1509968057000,
    "relativePath": "resources/wrong.mp3"
  },
  "aac537d9-ab9e-48ec-ac02-c0cc4abf54bf": {
    "asset": 1510563897000,
    "meta": 1510567960000,
    "relativePath": "scripts"
  },
  "d001ffbb-599e-4d96-9fde-425a78e655c1": {
    "asset": 1510563897000,
    "meta": 1510567960000,
    "relativePath": "resources/wordBg.png"
  },
  "cf7e71e3-97ca-4102-934a-57368f5d1d1c": {
    "asset": 1509968057000,
    "meta": 1510567960000,
    "relativePath": "scripts/config.js"
  },
  "0d435765-70d9-4270-b108-51a2d3920274": {
    "asset": 1509968057000,
    "meta": 1510567960000,
    "relativePath": "scripts/picJS.js"
  },
  "5f2e94ee-4b52-4210-8206-f792d547c69c": {
    "asset": 1509968057000,
    "meta": 1510567960000,
    "relativePath": "textures"
  },
  "aa6169f2-8bfe-4c75-9dcd-0507c1a17cf7": {
    "asset": 1509968057000,
    "meta": 1510567960000,
    "relativePath": "textures/biaotikuang-zhong.png"
  },
  "c86dfd4e-f0c8-4402-b6cc-56c211ebb23f": {
    "asset": 1509968057000,
    "meta": 1510567960000,
    "relativePath": "textures/clock.png"
  },
  "d041358d-319c-4868-b493-3955e81bcc57": {
    "asset": 1509968057000,
    "meta": 1510567960000,
    "relativePath": "textures/fengling_left.png"
  },
  "a8701081-adc4-4cf2-b578-0e8b417699cc": {
    "asset": 1509968057000,
    "meta": 1510567960000,
    "relativePath": "textures/bg.jpg"
  },
  "8cedf92b-da08-47ac-a662-604edb4d64dd": {
    "asset": 1509968057000,
    "meta": 1510567960000,
    "relativePath": "textures/fengling_right.png"
  },
  "8c3dd9b3-3817-4a94-8492-94e004861ce1": {
    "asset": 1509968057000,
    "meta": 1510567960000,
    "relativePath": "textures/fish_left.png"
  },
  "695ac09a-f7a3-49a8-b225-41563195e0ae": {
    "asset": 1509968057000,
    "meta": 1510567960000,
    "relativePath": "textures/haidai_left.png"
  },
  "49256f85-ec67-4faa-ab83-ab793e766ab0": {
    "asset": 1509968057000,
    "meta": 1510567961000,
    "relativePath": "textures/haidai_right.png"
  },
  "8feba05d-73a6-4d30-ae8d-9c77b752965b": {
    "asset": 1510748933000,
    "meta": 1510748996000,
    "relativePath": "scripts/NetworkJS_Data.js"
  },
  "7cf6b346-78ce-4387-88ef-89e4fd307392": {
    "asset": 1511329218624,
    "meta": 1509968057000,
    "relativePath": "resources/bingo.mp3"
  },
  "b228df4c-18c4-4823-a880-41cd68756edb": {
    "asset": 1511329238029,
    "meta": 1509968057000,
    "relativePath": "resources/introduce.mp3"
  },
  "9307686a-412c-47c2-b85b-fd58712e4109": {
    "asset": 1511329764601,
    "meta": 1509968057000,
    "relativePath": "resources/right.mp3"
  },
  "f55a438c-c2d2-487f-a7ba-41e2b0d2c561": {
    "asset": 1511341733206,
    "meta": 1509968057000,
    "relativePath": "resources/bingoGame.json"
  },
  "0cdcd6d0-e8c7-4b4f-a731-3f97e87659b1": {
    "asset": 1511525851287,
    "meta": 1513069642048,
    "relativePath": "base/BaseGameJS.js"
  },
  "9d022fd5-6e44-4095-9752-25b146cb541e": {
    "asset": 1513070732157,
    "meta": 1513070741879,
    "relativePath": "scripts/brickJS.js"
  },
  "e1437ffb-f4ab-4cc7-824b-9ffa2b63b789": {
    "asset": 1513071638599,
    "meta": 1513071638764,
    "relativePath": "resources/bg.png"
  },
  "c2e3b184-2763-4b88-9031-5ee88a92f898": {
    "asset": 1513072919659,
    "meta": 1513072919814,
    "relativePath": "resources/bingoStartbg.png"
  },
  "3723ab45-83db-4f95-b022-f92c3582c91b": {
    "asset": 1513073024402,
    "meta": 1513073024403,
    "relativePath": "resources/Letsspell.mp3"
  },
  "d92c8b11-a480-4c04-ab3f-4732c88d32cd": {
    "asset": 1513074688571,
    "meta": 1513074690732,
    "relativePath": "scripts/GameJS.js"
  },
  "cd804332-09f4-478b-804b-8b2f8eae4b61": {
    "asset": 1513143587637,
    "meta": 1513143598222,
    "relativePath": "base/NetworkJS.js"
  },
  "1fd0ec8e-ab9c-4986-b9ad-555586d6d225": {
    "asset": 1513143593094,
    "meta": 1513143598222,
    "relativePath": "scripts/bingoJS.js"
  }
}