{
  "__type__": "cc.AnimationClip",
  "_name": "Tree7",
  "_objFlags": 0,
  "_rawFiles": null,
  "_duration": 1.6,
  "sample": 25,
  "speed": 1,
  "wrapMode": 2,
  "curveData": {
    "props": {
      "position": [
        {
          "frame": 0,
          "value": [
            1227,
            -407
          ],
          "curve": "cubicIn"
        },
        {
          "frame": 1.6,
          "value": [
            2133,
            -938
          ]
        }
      ],
      "scaleX": [
        {
          "frame": 0,
          "value": 0.27,
          "curve": "cubicIn"
        },
        {
          "frame": 1.6,
          "value": 1
        }
      ],
      "scaleY": [
        {
          "frame": 0,
          "value": 0.27,
          "curve": "cubicIn"
        },
        {
          "frame": 1.6,
          "value": 1
        }
      ],
      "opacity": [
        {
          "frame": 0,
          "value": 0
        },
        {
          "frame": 0.6,
          "value": 255
        }
      ]
    }
  },
  "events": []
}