{
  "__type__": "cc.AnimationClip",
  "_name": "Feedback_3",
  "_objFlags": 0,
  "_rawFiles": null,
  "_duration": 0.4,
  "sample": 5,
  "speed": 1,
  "wrapMode": 2,
  "curveData": {
    "comps": {
      "cc.Sprite": {
        "spriteFrame": [
          {
            "frame": 0,
            "value": {
              "__uuid__": "af481326-5177-4cf3-b336-dc142bc76703"
            }
          },
          {
            "frame": 0.2,
            "value": {
              "__uuid__": "658056c5-0a70-4c8a-afe3-433b7c9aa09b"
            }
          }
        ]
      }
    }
  },
  "events": []
}