{
  "f8e6b000-5643-4b86-9080-aa680ce1f599": {
    "asset": 1507880085000,
    "meta": 1507880085000,
    "relativePath": "image"
  },
  "fc09f9bd-2cce-4605-b630-8145ef809ed6": {
    "asset": 1507880085000,
    "meta": 1507880085000,
    "relativePath": "misc"
  },
  "2be36297-9abb-4fee-8049-9ed5e271da8a": {
    "asset": 1507880085000,
    "meta": 1507880085000,
    "relativePath": "misc/default_video.mp4"
  },
  "f6e6dd15-71d1-4ffe-ace7-24fd39942c05": {
    "asset": 1507880085000,
    "meta": 1507880085000,
    "relativePath": "obsolete"
  },
  "b8223619-7e38-47c4-841f-9160c232495a": {
    "asset": 1507880085000,
    "meta": 1507880085000,
    "relativePath": "obsolete/atom.plist"
  },
  "f743d2b6-b7ea-4c14-a55b-547ed4d0a045": {
    "asset": 1507880085000,
    "meta": 1507880085000,
    "relativePath": "particle"
  },
  "b2687ac4-099e-403c-a192-ff477686f4f5": {
    "asset": 1507880085000,
    "meta": 1507880085000,
    "relativePath": "particle/atom.plist"
  },
  "ae6c6c98-11e4-452f-8758-75f5c6a56e83": {
    "asset": 1507880085000,
    "meta": 1507880085000,
    "relativePath": "prefab"
  },
  "3e31a349-ecc1-45e9-8a7f-0ba9f7e4966e": {
    "asset": 1510025599000,
    "meta": 1510025599000,
    "relativePath": "animClips"
  },
  "f45d6482-4475-4739-9a37-e376ad6236c1": {
    "asset": 1510025599000,
    "meta": 1510025599000,
    "relativePath": "animClips/game_lost"
  },
  "e6a4e9a5-85c8-49c2-88ae-f54137500bb8": {
    "asset": 1510025599000,
    "meta": 1510033937000,
    "relativePath": "animClips/Collect.anim"
  },
  "cac377fc-b5d1-4bad-bb31-fd983bdcf8d2": {
    "asset": 1510025599000,
    "meta": 1510033937000,
    "relativePath": "animClips/game_lost/Lost_Header.anim"
  },
  "ba5954e0-17e7-4cf5-81a4-8bb21543e472": {
    "asset": 1510025599000,
    "meta": 1510033937000,
    "relativePath": "animClips/game_lost/Lost_Left_Arm.anim"
  },
  "325012d2-1656-4ae4-957b-6cad5a4894dc": {
    "asset": 1510025599000,
    "meta": 1510025599000,
    "relativePath": "animClips/gameOver"
  },
  "538fffb9-a0b6-43bc-8465-b8c635f652a0": {
    "asset": 1510025599000,
    "meta": 1510033937000,
    "relativePath": "animClips/game_lost/Lost_Right_Hand.anim"
  },
  "0bcdcd37-5955-4113-beac-c4d8eba5e0f4": {
    "asset": 1510025599000,
    "meta": 1510033937000,
    "relativePath": "animClips/gameOver/Over_Header.anim"
  },
  "29dad929-0c0a-4285-ade5-79d54013f3e4": {
    "asset": 1510025599000,
    "meta": 1510033937000,
    "relativePath": "animClips/gameOver/Over_Left_Arm.anim"
  },
  "616d1551-4923-4161-b4c3-247390cbeafd": {
    "asset": 1510025599000,
    "meta": 1510033937000,
    "relativePath": "animClips/gameOver/Over_Left_Hand.anim"
  },
  "61184c8f-5248-4d5d-89f1-7248a9cacabc": {
    "asset": 1510025599000,
    "meta": 1510033937000,
    "relativePath": "animClips/gameOver/Over_Right_Arm.anim"
  },
  "27f17af3-b626-4c30-9cff-4c86e9b07188": {
    "asset": 1510025599000,
    "meta": 1510033937000,
    "relativePath": "animClips/gameOver/Over_Right_Hand.anim"
  },
  "8d0b2fd6-cc51-4b76-9a7f-60293c60e4d8": {
    "asset": 1510025599000,
    "meta": 1510033937000,
    "relativePath": "animClips/Hand.anim"
  },
  "3a05dde2-0b17-48bc-9e26-bea729dedbb4": {
    "asset": 1510025599000,
    "meta": 1510033937000,
    "relativePath": "animClips/Miss.anim"
  },
  "deb65096-0f1b-418b-9ae8-704c7cd943da": {
    "asset": 1510025599000,
    "meta": 1510033937000,
    "relativePath": "animClips/RaceRun.anim"
  },
  "5201325e-c57c-4613-b4bb-ad936273ae52": {
    "asset": 1510025599000,
    "meta": 1510033937000,
    "relativePath": "animClips/Road.anim"
  },
  "2850bc7a-89d4-4df1-b31a-b0ea721539eb": {
    "asset": 1510025599000,
    "meta": 1510033937000,
    "relativePath": "animClips/Tree1.anim"
  },
  "57f222c5-cf8b-4207-855a-336869e46e3d": {
    "asset": 1510025599000,
    "meta": 1510033937000,
    "relativePath": "animClips/Tree2.anim"
  },
  "d263d111-ce4e-4ac0-ba2e-f21cf45cfde2": {
    "asset": 1510025599000,
    "meta": 1510033937000,
    "relativePath": "animClips/Tree3.anim"
  },
  "be7749ce-216a-4678-adc7-7eef4e04768f": {
    "asset": 1510025599000,
    "meta": 1510033937000,
    "relativePath": "animClips/Tree4.anim"
  },
  "d55ed005-c8e9-440f-87d7-ce0994f3e9b1": {
    "asset": 1510025599000,
    "meta": 1510033937000,
    "relativePath": "animClips/Tree5.anim"
  },
  "1a33ae77-454f-4b24-a82a-40288823ed61": {
    "asset": 1510025599000,
    "meta": 1510033937000,
    "relativePath": "animClips/Tree6.anim"
  },
  "fb248e77-2dc0-4616-a479-abae2d09a3e3": {
    "asset": 1510025599000,
    "meta": 1510033937000,
    "relativePath": "animClips/Tree7.anim"
  },
  "e2fdd08f-3c73-41fb-9de9-d14786369289": {
    "asset": 1510025599000,
    "meta": 1510033937000,
    "relativePath": "animClips/Tree8.anim"
  },
  "26627f59-e2c7-42eb-be9b-f0ab58cc4f28": {
    "asset": 1510025599000,
    "meta": 1510033937000,
    "relativePath": "animClips/Tree9.anim"
  },
  "39d7b87d-7ea8-473e-8463-1070aeae621d": {
    "asset": 1513236449000,
    "meta": 1510025599000,
    "relativePath": "arial"
  },
  "00c6807f-62e6-4cb3-9ab2-12f38341ad3c": {
    "asset": 1510025599000,
    "meta": 1510033937000,
    "relativePath": "animClips/WordImage.anim"
  },
  "eaeeab0e-64bf-4338-876b-a32ff3ba873c": {
    "asset": 1512543168000,
    "meta": 1510025599000,
    "relativePath": "audio"
  },
  "636edbfc-5eab-42bd-9940-39edc8172477": {
    "asset": 1510025599000,
    "meta": 1510033937000,
    "relativePath": "arial/Arial Bold.ttf"
  },
  "efa2803b-7bd0-4fe6-93a2-a7d199c5d6fd": {
    "asset": 1510025599000,
    "meta": 1510025599000,
    "relativePath": "audio/good.mp3"
  },
  "a2a679da-e502-4df3-8126-346769c1afb9": {
    "asset": 1510025599000,
    "meta": 1510025599000,
    "relativePath": "audio/introduce.mp3"
  },
  "9341baf7-2c77-453e-8df2-ca9be81d12d7": {
    "asset": 1510025599000,
    "meta": 1510025599000,
    "relativePath": "audio/Let's listen.mp3"
  },
  "477a8ff7-34dc-44c5-ab39-43dc1f8c0eb3": {
    "asset": 1510025599000,
    "meta": 1510025599000,
    "relativePath": "audio/showword.mp3"
  },
  "106776fd-1469-4ac9-83cc-b2ba78a9aea0": {
    "asset": 1510025599000,
    "meta": 1510025599000,
    "relativePath": "audio/timesup.mp3"
  },
  "17aaf9d9-8d5d-49de-ae37-1121ec100919": {
    "asset": 1510025599000,
    "meta": 1510025599000,
    "relativePath": "audio/tryagain.mp3"
  },
  "8b8bee1a-2651-441c-b017-a7b32c049dc7": {
    "asset": 1512541713000,
    "meta": 1512541713000,
    "relativePath": "GameOver.fire"
  },
  "a3a70336-020e-48f4-98d2-c466aca003f8": {
    "asset": 1513575661000,
    "meta": 1513575661000,
    "relativePath": "GameStart.fire"
  },
  "4ddf7bbd-605d-43c5-bf33-07940bf45486": {
    "asset": 1511517694000,
    "meta": 1510025599000,
    "relativePath": "home"
  },
  "8b93a0bf-9f6a-40fa-83ff-e6d9afc92b82": {
    "asset": 1510034200000,
    "meta": 1510025599000,
    "relativePath": "home/let's listen"
  },
  "806de9bb-6403-48f8-800b-e1f35a1206fe": {
    "asset": 1510025599000,
    "meta": 1510025599000,
    "relativePath": "home/let's listen/anim"
  },
  "8fb0496c-4eea-4af1-a649-6e84e8977c98": {
    "asset": 1510025599000,
    "meta": 1510033937000,
    "relativePath": "home/let's listen/anim/eyes.anim"
  },
  "f92c29c4-6f2d-44cb-bc43-a77523ff2880": {
    "asset": 1510025599000,
    "meta": 1510033937000,
    "relativePath": "home/let's listen/anim/listen.anim"
  },
  "034495ce-503b-4a5c-89de-ee4fb6267023": {
    "asset": 1511518393000,
    "meta": 1510025599000,
    "relativePath": "home/let's listen/texs"
  },
  "c54f9b8b-f556-4199-bf60-9e5f26690789": {
    "asset": 1511518836000,
    "meta": 1511518836000,
    "relativePath": "home/let's listen/lets listen.prefab"
  },
  "5f3823ad-e6e6-4274-863e-1e7860ee953d": {
    "asset": 1510025599000,
    "meta": 1510033937000,
    "relativePath": "home/let's listen/texs/eye2@2x.png"
  },
  "9ef47f5c-ab85-42ce-91c0-5d1c4417fc80": {
    "asset": 1510025599000,
    "meta": 1510033937000,
    "relativePath": "home/let's listen/texs/eye1@2x.png"
  },
  "77af5a12-fafd-4ef3-8274-a28f3efec41e": {
    "asset": 1510025599000,
    "meta": 1510033937000,
    "relativePath": "home/let's listen/texs/fuhao10@2x.png"
  },
  "8a8255d4-cf52-4b0c-b70f-20e46fa9e404": {
    "asset": 1510025599000,
    "meta": 1510033937000,
    "relativePath": "home/let's listen/texs/fuhao1@2x.png"
  },
  "04e0221c-0bc3-4928-8686-3c9ef532e135": {
    "asset": 1510025599000,
    "meta": 1510033937000,
    "relativePath": "home/let's listen/texs/fuhao11@2x.png"
  },
  "b1ffa35a-4b12-4582-a9ba-3e2bb83dc90a": {
    "asset": 1510025599000,
    "meta": 1510033937000,
    "relativePath": "home/let's listen/texs/fuhao12@2x.png"
  },
  "d66bf6a8-2c97-4346-90af-98408bfbf767": {
    "asset": 1510025599000,
    "meta": 1510033937000,
    "relativePath": "home/let's listen/texs/fuhao13@2x.png"
  },
  "e54d36c0-125b-48d0-a159-57957bbdfe18": {
    "asset": 1510025599000,
    "meta": 1510033937000,
    "relativePath": "home/let's listen/texs/fuhao2@2x.png"
  },
  "88ca44e9-f1c1-4c73-866e-faa7d038492f": {
    "asset": 1510025599000,
    "meta": 1510033937000,
    "relativePath": "home/let's listen/texs/fuhao3@2x.png"
  },
  "f57cc50f-fd8f-40a9-8d96-95ac790b3806": {
    "asset": 1510025599000,
    "meta": 1510033937000,
    "relativePath": "home/let's listen/texs/fuhao4@2x.png"
  },
  "63dfe51b-9722-4331-9818-8b61431c1b49": {
    "asset": 1510025599000,
    "meta": 1510033937000,
    "relativePath": "home/let's listen/texs/fuhao5@2x.png"
  },
  "03ff615a-98ef-4675-b48d-9c1821475328": {
    "asset": 1510025599000,
    "meta": 1510033937000,
    "relativePath": "home/let's listen/texs/fuhao6@2x.png"
  },
  "f6921f81-3474-41f9-b14b-3bd1d6435ed0": {
    "asset": 1510025599000,
    "meta": 1510033937000,
    "relativePath": "home/let's listen/texs/fuhao8@2x.png"
  },
  "09635242-e159-48a1-9f3e-88eb42a246d2": {
    "asset": 1510025599000,
    "meta": 1510033937000,
    "relativePath": "home/let's listen/texs/fuhao7@2x.png"
  },
  "a5ccf9a9-8dc4-41bb-9235-1157ffea90cd": {
    "asset": 1510025599000,
    "meta": 1510033937000,
    "relativePath": "home/let's listen/texs/fuhao9@2x.png"
  },
  "eb773161-26d3-401f-a751-10ad473d7b2d": {
    "asset": 1510045543000,
    "meta": 1510025599000,
    "relativePath": "prefabs"
  },
  "e0ab885f-66d0-4888-8cdc-e26d0ecd0ce4": {
    "asset": 1510025599000,
    "meta": 1510033937000,
    "relativePath": "prefabs/progress.prefab"
  },
  "13e829de-2500-43ee-87f6-b1ebf70dc906": {
    "asset": 1510025599000,
    "meta": 1510033937000,
    "relativePath": "prefabs/WordOption.prefab"
  },
  "1f3524dd-e8d9-4361-8e41-9577d4e428ce": {
    "asset": 1513575619000,
    "meta": 1510025599000,
    "relativePath": "resources"
  },
  "984b6e3d-075f-4b43-9089-e10d43cdc035": {
    "asset": 1511515268000,
    "meta": 1510025599000,
    "relativePath": "resources/audio"
  },
  "62ccb2ae-8ca7-4143-b2f7-aac15fbdcf11": {
    "asset": 1510025599000,
    "meta": 1510025599000,
    "relativePath": "resources/audio/amazing.mp3"
  },
  "73936dbd-815e-49ef-9643-1650fdd8c354": {
    "asset": 1510025599000,
    "meta": 1510025599000,
    "relativePath": "resources/audio/excellent.mp3"
  },
  "f306c683-a015-48bc-8eed-47b75b054801": {
    "asset": 1510025599000,
    "meta": 1510025599000,
    "relativePath": "resources/audio/miss.mp3"
  },
  "49be21c3-906b-4f59-a73d-a95652a7acb4": {
    "asset": 1510025599000,
    "meta": 1510025599000,
    "relativePath": "resources/audio/perfect.mp3"
  },
  "de67a01c-a926-4a0a-9cd4-bd5b7f1ff9f0": {
    "asset": 1510025599000,
    "meta": 1510025599000,
    "relativePath": "resources/status"
  },
  "0b2c0edf-bc0f-49d4-bc46-f70820d2876f": {
    "asset": 1510025599000,
    "meta": 1510033937000,
    "relativePath": "resources/status/right.png"
  },
  "6a59b0f1-ec54-4a00-916c-4de8b127f6f0": {
    "asset": 1510025599000,
    "meta": 1510033937000,
    "relativePath": "resources/status/wait.png"
  },
  "ef418919-c557-4a59-a857-8d44e07e5654": {
    "asset": 1510025599000,
    "meta": 1510033937000,
    "relativePath": "resources/status/wrong.png"
  },
  "47f3542d-b336-4aa3-85b3-55bfcf532a90": {
    "asset": 1510025599000,
    "meta": 1510025599000,
    "relativePath": "resources/word"
  },
  "ed595464-9442-4f79-b0dd-738db60f8b7c": {
    "asset": 1510025599000,
    "meta": 1510033937000,
    "relativePath": "resources/word/white_back.png"
  },
  "69f4952b-ca4e-48a8-b473-b14a458b6573": {
    "asset": 1510025599000,
    "meta": 1510025599000,
    "relativePath": "scripts"
  },
  "d1f212e2-b44f-4fb4-9327-8dc3552833ee": {
    "asset": 1510025599000,
    "meta": 1510033938000,
    "relativePath": "resources/word/white_line.png"
  },
  "55a24612-c17f-4820-a770-8132bc2eba65": {
    "asset": 1510025599000,
    "meta": 1510033938000,
    "relativePath": "scripts/Config.js"
  },
  "796e7cd4-d15b-4dbd-95c2-9cd9b284940a": {
    "asset": 1510025599000,
    "meta": 1510033938000,
    "relativePath": "scripts/Help.js"
  },
  "bae33da8-dcba-479b-b0da-333ac4448b55": {
    "asset": 1510025599000,
    "meta": 1510033938000,
    "relativePath": "scripts/TreeRun.js"
  },
  "383d8208-f5eb-4cce-876b-ca5f07b976c4": {
    "asset": 1510025599000,
    "meta": 1510033938000,
    "relativePath": "scripts/WordManager.js"
  },
  "d6781db2-ce81-4f4e-826e-e65522757a58": {
    "asset": 1511416211000,
    "meta": 1510025599000,
    "relativePath": "textures"
  },
  "24774d86-03ef-4589-8f5c-a4850b7cfde9": {
    "asset": 1512441143000,
    "meta": 1512441143000,
    "relativePath": "ShowWord.fire"
  },
  "528bbda2-440b-4b32-ba0d-313df7ccc15c": {
    "asset": 1510025599000,
    "meta": 1510033938000,
    "relativePath": "textures/collect.png"
  },
  "953ac615-37ae-4eab-8bf2-6317a7e6062f": {
    "asset": 1510025599000,
    "meta": 1510025599000,
    "relativePath": "textures/help"
  },
  "d57be77b-abbe-485a-8472-af7433d8a644": {
    "asset": 1510025599000,
    "meta": 1510033938000,
    "relativePath": "textures/help/hand.png"
  },
  "6c5d86df-fc36-4648-b322-9efa092642a4": {
    "asset": 1510025599000,
    "meta": 1510033938000,
    "relativePath": "textures/help/show_bg.png"
  },
  "3c8af0f2-ceba-4e85-b1e4-489820371ff3": {
    "asset": 1510025599000,
    "meta": 1510033938000,
    "relativePath": "textures/background.png"
  },
  "ce1014a5-986b-4d8b-8788-d28b4d4fdb2d": {
    "asset": 1510025599000,
    "meta": 1510033938000,
    "relativePath": "textures/miss.png"
  },
  "e99a6e26-d561-49ec-912c-d74823fbb5bc": {
    "asset": 1510025599000,
    "meta": 1510025599000,
    "relativePath": "textures/over"
  },
  "4cd4eba0-f70f-47e8-b83a-f1b348dab224": {
    "asset": 1510025599000,
    "meta": 1510025599000,
    "relativePath": "textures/over_goodjob"
  },
  "c73b4cfc-7828-48f2-bfa4-5b5633e4c8d4": {
    "asset": 1510025599000,
    "meta": 1510033938000,
    "relativePath": "textures/normal.png"
  },
  "cd9aab8b-9468-48c7-b259-530320c15342": {
    "asset": 1510025599000,
    "meta": 1510033938000,
    "relativePath": "textures/over_goodjob/good_job.png"
  },
  "ec76d455-c39a-4aad-a9ff-aab12ce5b531": {
    "asset": 1510025599000,
    "meta": 1510033938000,
    "relativePath": "textures/over_goodjob/left_ brow.png"
  },
  "0587361c-9720-49c5-858e-7dd3d3570db6": {
    "asset": 1510025599000,
    "meta": 1510033938000,
    "relativePath": "textures/over_goodjob/header.png"
  },
  "ef7bead7-8752-409f-b6b3-278a055a75ea": {
    "asset": 1510025599000,
    "meta": 1510033938000,
    "relativePath": "textures/over_goodjob/left_arm.png"
  },
  "d0ac2251-7abb-49b3-b337-70ed17fa60ff": {
    "asset": 1510025599000,
    "meta": 1510033938000,
    "relativePath": "textures/over_goodjob/right_ brow.png"
  },
  "5f52c39b-30e7-4e8e-aa37-5b64ff73cb28": {
    "asset": 1510025599000,
    "meta": 1510033938000,
    "relativePath": "textures/over_goodjob/left_hand.png"
  },
  "0e8db000-e197-4114-ae94-868f0a63eb70": {
    "asset": 1510025599000,
    "meta": 1510033938000,
    "relativePath": "textures/over_goodjob/right_arm.png"
  },
  "7b9f6814-9bea-4534-85a1-3897718bb873": {
    "asset": 1510025599000,
    "meta": 1510033938000,
    "relativePath": "textures/over_goodjob/right_hand.png"
  },
  "e52681bb-069b-4525-92a2-72b76327e6be": {
    "asset": 1510025599000,
    "meta": 1510025599000,
    "relativePath": "textures/over_lost"
  },
  "4a1955a8-b06e-41fd-a215-c6818771ec1d": {
    "asset": 1510025599000,
    "meta": 1510033938000,
    "relativePath": "textures/over_lost/lost_left_arm.png"
  },
  "625536d2-4f91-47e6-baa6-0c1a6deae0fb": {
    "asset": 1510025599000,
    "meta": 1510033938000,
    "relativePath": "textures/over_lost/lost_header.png"
  },
  "21354832-5904-4a84-ae96-048baf4a90d0": {
    "asset": 1510025599000,
    "meta": 1510033938000,
    "relativePath": "textures/over_lost/lost_left_brow.png"
  },
  "bf3e293c-5d28-433e-928f-dd7ed88c34eb": {
    "asset": 1510025599000,
    "meta": 1510033938000,
    "relativePath": "textures/over_lost/lost_right_arm.png"
  },
  "7e002056-f6cb-44f8-8a4c-00893dc0c13d": {
    "asset": 1510025599000,
    "meta": 1510033938000,
    "relativePath": "textures/over_lost/lost_right_brow.png"
  },
  "64c25049-7ec1-45ed-b7ed-ccae1a48d023": {
    "asset": 1510025599000,
    "meta": 1510033938000,
    "relativePath": "textures/over_lost/lost_right_hand.png"
  },
  "d174ab12-e839-4e49-a4dc-989e21f7474a": {
    "asset": 1510025599000,
    "meta": 1510033938000,
    "relativePath": "textures/over_lost/lost_try_again.png"
  },
  "ef4fcb82-7d63-4d38-9403-00f7e171634a": {
    "asset": 1510025599000,
    "meta": 1510033938000,
    "relativePath": "textures/over/clock.png"
  },
  "0ea4d37a-7179-42c5-ab0e-90dacea19966": {
    "asset": 1510025599000,
    "meta": 1510033938000,
    "relativePath": "textures/over/labelback.png"
  },
  "5e47533b-4449-45bf-a6ec-3474c2d4fd33": {
    "asset": 1510025599000,
    "meta": 1510033939000,
    "relativePath": "textures/over/lost_body.png"
  },
  "07f25299-70bf-4971-93ce-d4106427fb68": {
    "asset": 1510025599000,
    "meta": 1510033939000,
    "relativePath": "textures/over/next.png"
  },
  "535d3528-6908-4145-8160-b7288f44df57": {
    "asset": 1510025599000,
    "meta": 1510033939000,
    "relativePath": "textures/over/lost.png"
  },
  "7843f527-3f24-4735-91a0-8cc091c1c2c0": {
    "asset": 1510025599000,
    "meta": 1510033939000,
    "relativePath": "textures/over/play_again_nomal.png"
  },
  "44e0ea77-d719-4b54-a369-4bb92f7ec404": {
    "asset": 1510025599000,
    "meta": 1510033939000,
    "relativePath": "textures/over/over_body.png"
  },
  "3938c066-92f7-4b5c-b091-c66aaf3deff4": {
    "asset": 1510025599000,
    "meta": 1510033939000,
    "relativePath": "textures/over/play_again.png"
  },
  "fc570f99-6bac-4293-8274-07fb46c2ef47": {
    "asset": 1510025599000,
    "meta": 1510033939000,
    "relativePath": "textures/over/review_nomal.png"
  },
  "96c4fdef-1107-4817-8902-3acc7ccaa134": {
    "asset": 1510025599000,
    "meta": 1510033939000,
    "relativePath": "textures/over/review.png"
  },
  "60ad70f1-00b2-42bb-a279-ccc91b2741f8": {
    "asset": 1510025599000,
    "meta": 1510033939000,
    "relativePath": "textures/over/time_up.png"
  },
  "85bf907d-5d41-4f9b-ba03-0559d188d741": {
    "asset": 1510025599000,
    "meta": 1510033939000,
    "relativePath": "textures/pressed.png"
  },
  "bd3ecceb-8385-44eb-9805-fac64f61a0e9": {
    "asset": 1510025599000,
    "meta": 1510033939000,
    "relativePath": "textures/progressbar.png"
  },
  "da608cde-36d5-4ead-a750-167b94b7080b": {
    "asset": 1510025599000,
    "meta": 1510025599000,
    "relativePath": "textures/race_center"
  },
  "38a1b6b0-2971-455c-9c2f-3893661f7d36": {
    "asset": 1510025599000,
    "meta": 1510033939000,
    "relativePath": "textures/over/win.png"
  },
  "00463a78-f81e-4746-8b1f-1fa1c3427b10": {
    "asset": 1510025599000,
    "meta": 1510033939000,
    "relativePath": "textures/race_center/race_center_0.png"
  },
  "d8350074-3a6e-461b-b8a7-e639190244f5": {
    "asset": 1510025599000,
    "meta": 1510033939000,
    "relativePath": "textures/race_center/race_center_1.png"
  },
  "86517865-5a0b-49eb-82c7-c2d0e109b813": {
    "asset": 1510025599000,
    "meta": 1510033939000,
    "relativePath": "textures/race_center/race_center_2.png"
  },
  "4147e6ca-3155-4a91-8948-0b4ba66c1311": {
    "asset": 1510025599000,
    "meta": 1510025599000,
    "relativePath": "textures/road"
  },
  "b35eac3c-f411-4d39-bd43-c9ed0ab102e3": {
    "asset": 1510025599000,
    "meta": 1510033939000,
    "relativePath": "textures/race_center/race_center_3.png"
  },
  "d4beb4e4-6a77-4478-9e09-7c058e394155": {
    "asset": 1510025599000,
    "meta": 1510033939000,
    "relativePath": "textures/road/road_1.png"
  },
  "13c4b887-56b7-43be-bea4-010f3d1f1b85": {
    "asset": 1510025599000,
    "meta": 1510025599000,
    "relativePath": "textures/start"
  },
  "11f75afc-1c7c-4822-9f51-aa27a7f5931e": {
    "asset": 1510025599000,
    "meta": 1510033939000,
    "relativePath": "textures/road/road_2.png"
  },
  "689502cc-ead5-4f6d-aa75-d4719f26ea34": {
    "asset": 1510025599000,
    "meta": 1510033939000,
    "relativePath": "textures/start/play_nomal.png"
  },
  "2dfc62d6-fe54-4633-864c-12d4f57f46ac": {
    "asset": 1510025599000,
    "meta": 1510033939000,
    "relativePath": "textures/start/play.png"
  },
  "ca990df7-b842-4a82-8368-594c1062e4fe": {
    "asset": 1510025599000,
    "meta": 1510025599000,
    "relativePath": "textures/tree"
  },
  "f2fbb1a2-19b1-41b5-a83e-a23212e9a238": {
    "asset": 1510025599000,
    "meta": 1510033939000,
    "relativePath": "textures/tree/tree1.png"
  },
  "ae8f223f-bb14-4a71-99ad-754ab7c36ecc": {
    "asset": 1510025599000,
    "meta": 1510033939000,
    "relativePath": "textures/tree/tree2.png"
  },
  "3476c408-12de-4deb-b6d9-9da45031d9c5": {
    "asset": 1510025599000,
    "meta": 1510033939000,
    "relativePath": "textures/tree/tree3.png"
  },
  "f7d3ead4-4fe8-48dd-a235-50395217bd33": {
    "asset": 1510025599000,
    "meta": 1510033939000,
    "relativePath": "textures/tree/tree4.png"
  },
  "fc9c58d4-7c56-47a2-9251-ead85b9759fb": {
    "asset": 1510025599000,
    "meta": 1510033939000,
    "relativePath": "textures/start/start_bg.png"
  },
  "50b996e6-6d21-4088-9a1b-a5444f84614d": {
    "asset": 1510025599000,
    "meta": 1510033939000,
    "relativePath": "textures/tree/tree5.png"
  },
  "fadc3946-9d62-4946-8b4c-64c3be9f7ab1": {
    "asset": 1510025599000,
    "meta": 1510033939000,
    "relativePath": "textures/tree/tree6.png"
  },
  "446e705a-142c-4c29-a68d-584630333172": {
    "asset": 1510025599000,
    "meta": 1510033939000,
    "relativePath": "textures/tree/tree7.png"
  },
  "7e4d8cec-f87c-4a80-b976-9873bf62466a": {
    "asset": 1510025599000,
    "meta": 1510025599000,
    "relativePath": "textures/word"
  },
  "9982a161-6b96-4da8-9fcd-c7bb02fe4b8d": {
    "asset": 1510025599000,
    "meta": 1510033939000,
    "relativePath": "textures/tree/tree8.png"
  },
  "7e07158d-6f10-4264-a75f-717b6c6b620b": {
    "asset": 1510025599000,
    "meta": 1510033939000,
    "relativePath": "textures/word/goback_nomal.png"
  },
  "7c6617f2-94f9-41c5-bab3-112ee4826ce6": {
    "asset": 1510025599000,
    "meta": 1510033939000,
    "relativePath": "textures/word/goback.png"
  },
  "0630c88c-7326-4ed3-9587-ef852c9c26bf": {
    "asset": 1510025599000,
    "meta": 1510033939000,
    "relativePath": "textures/word/kuan.png"
  },
  "7c004d8c-8283-4a49-b5fe-7220f63f5dd8": {
    "asset": 1510025599000,
    "meta": 1510033939000,
    "relativePath": "textures/word/start_nomal.png"
  },
  "e7b67e41-9ad4-43eb-8142-5b647cd190e3": {
    "asset": 1510025599000,
    "meta": 1510033939000,
    "relativePath": "textures/word/start.png"
  },
  "dbcb4b98-d0a2-4d24-bdf7-382b62cedb56": {
    "asset": 1510025599000,
    "meta": 1510033939000,
    "relativePath": "textures/word/show_word_back.png"
  },
  "d4afba9a-1c01-4f50-b646-18861d436cf8": {
    "asset": 1513242765000,
    "meta": 1513242765000,
    "relativePath": "WordRace.fire"
  },
  "80f15fec-dd5f-44d8-a9b1-de9d803b1e54": {
    "asset": 1510110472000,
    "meta": 1510110472000,
    "relativePath": "textures/balloon.png"
  },
  "c8b3726b-81fb-4722-ab41-258c0f985493": {
    "asset": 1511517478000,
    "meta": 1511517510000,
    "relativePath": "scripts/GameStart.js"
  },
  "20ceb1a6-8fe6-436c-8796-22217269ec2f": {
    "asset": 1511517903000,
    "meta": 1511517903000,
    "relativePath": "home/let's listen/texs/LSBG.jpg"
  },
  "2e0a7423-0766-4bd8-ae8a-4866ee684633": {
    "asset": 1511518393000,
    "meta": 1511518394000,
    "relativePath": "home/let's listen/texs/listenbg.png"
  },
  "7328d55b-3f51-43b1-947c-5053e470d961": {
    "asset": 1512456756000,
    "meta": 1512456757000,
    "relativePath": "scripts/RaceMove.js"
  },
  "a9e323f7-d3f8-4c83-b1c9-4e3315c9e3c8": {
    "asset": 1512529088000,
    "meta": 1512529091000,
    "relativePath": "scripts/GameOver.js"
  },
  "4735dcd9-41cf-4c68-a2d3-d8fd4297bd42": {
    "asset": 1512543168000,
    "meta": 1512543168000,
    "relativePath": "audio/backmusic.mp3"
  },
  "b43a9761-7c23-4457-b370-669e2d2ea816": {
    "asset": 1513243366000,
    "meta": 1513243372000,
    "relativePath": "scripts/Game.js"
  },
  "509136eb-77c6-412c-88f4-3de8152d1f50": {
    "asset": 1513243370000,
    "meta": 1513243372000,
    "relativePath": "scripts/WordOption.js"
  },
  "805c9f86-a84b-4766-a2b0-b8dcabe0a75f": {
    "asset": 1513564582000,
    "meta": 1513564585000,
    "relativePath": "scripts/GameData.js"
  },
  "8f23559a-5190-4e97-884d-e46b12465d9c": {
    "asset": 1513567695000,
    "meta": 1513567718000,
    "relativePath": "scripts/ShowWord.js"
  },
  "71561142-4c83-4933-afca-cb7a17f67053": {
    "asset": 1507880085000,
    "meta": 1513576387000,
    "relativePath": "image/default_btn_disabled.png"
  },
  "e851e89b-faa2-4484-bea6-5c01dd9f06e2": {
    "asset": 1507880085000,
    "meta": 1513576387000,
    "relativePath": "image/default_btn_normal.png"
  },
  "b43ff3c2-02bb-4874-81f7-f2dea6970f18": {
    "asset": 1507880085000,
    "meta": 1513576387000,
    "relativePath": "image/default_btn_pressed.png"
  },
  "d81ec8ad-247c-4e62-aa3c-d35c4193c7af": {
    "asset": 1507880085000,
    "meta": 1513576387000,
    "relativePath": "image/default_panel.png"
  },
  "99170b0b-d210-46f1-b213-7d9e3f23098a": {
    "asset": 1507880085000,
    "meta": 1513576387000,
    "relativePath": "image/default_progressbar_bg.png"
  },
  "cfef78f1-c8df-49b7-8ed0-4c953ace2621": {
    "asset": 1507880085000,
    "meta": 1513576387000,
    "relativePath": "image/default_progressbar.png"
  },
  "567dcd80-8bf4-4535-8a5a-313f1caf078a": {
    "asset": 1507880085000,
    "meta": 1513576387000,
    "relativePath": "image/default_radio_button_off.png"
  },
  "9d60001f-b5f4-4726-a629-2659e3ded0b8": {
    "asset": 1507880085000,
    "meta": 1513576387000,
    "relativePath": "image/default_radio_button_on.png"
  },
  "4bab67cb-18e6-4099-b840-355f0473f890": {
    "asset": 1507880085000,
    "meta": 1513576387000,
    "relativePath": "image/default_scrollbar_bg.png"
  },
  "617323dd-11f4-4dd3-8eec-0caf6b3b45b9": {
    "asset": 1507880085000,
    "meta": 1513576387000,
    "relativePath": "image/default_scrollbar_vertical_bg.png"
  },
  "d6d3ca85-4681-47c1-b5dd-d036a9d39ea2": {
    "asset": 1507880085000,
    "meta": 1513576387000,
    "relativePath": "image/default_scrollbar_vertical.png"
  },
  "0291c134-b3da-4098-b7b5-e397edbe947f": {
    "asset": 1507880085000,
    "meta": 1513576387000,
    "relativePath": "image/default_scrollbar.png"
  },
  "0275e94c-56a7-410f-bd1a-fc7483f7d14a": {
    "asset": 1507880085000,
    "meta": 1513576387000,
    "relativePath": "image/default_sprite_splash.png"
  },
  "6e056173-d285-473c-b206-40a7fff5386e": {
    "asset": 1507880085000,
    "meta": 1513576387000,
    "relativePath": "image/default_sprite.png"
  },
  "73a0903d-d80e-4e3c-aa67-f999543c08f5": {
    "asset": 1507880085000,
    "meta": 1513576387000,
    "relativePath": "image/default_toggle_checkmark.png"
  },
  "c25b9d50-c8fc-4d27-beeb-6e7c1f2e5c0f": {
    "asset": 1507880085000,
    "meta": 1513576387000,
    "relativePath": "image/default_toggle_disabled.png"
  },
  "d29077ba-1627-4a72-9579-7b56a235340c": {
    "asset": 1507880085000,
    "meta": 1513576387000,
    "relativePath": "image/default_toggle_normal.png"
  },
  "972b9a4d-47ee-4c74-b5c3-61d8a69bc29f": {
    "asset": 1507880085000,
    "meta": 1513576387000,
    "relativePath": "prefab/button.prefab"
  },
  "2c937608-2562-40ea-b264-7395df6f0cea": {
    "asset": 1507880085000,
    "meta": 1513576387000,
    "relativePath": "prefab/canvas.prefab"
  },
  "b181c1e4-0a72-4a91-bfb0-ae6f36ca60bd": {
    "asset": 1507880085000,
    "meta": 1513576387000,
    "relativePath": "image/default_toggle_pressed.png"
  },
  "61aeb05b-3b32-452b-8eed-2b76deeed554": {
    "asset": 1507880085000,
    "meta": 1513576387000,
    "relativePath": "prefab/editbox.prefab"
  },
  "27756ebb-3d33-44b0-9b96-e858fadd4dd4": {
    "asset": 1507880085000,
    "meta": 1513576387000,
    "relativePath": "prefab/label.prefab"
  },
  "785a442c-3ceb-45be-a46e-7317f625f3b9": {
    "asset": 1507880085000,
    "meta": 1513576387000,
    "relativePath": "prefab/layout.prefab"
  },
  "ca8401fe-ad6e-41a8-bd46-8e3e4e9945be": {
    "asset": 1507880085000,
    "meta": 1513576387000,
    "relativePath": "prefab/pageview.prefab"
  },
  "cd33edea-55f5-46c2-958d-357a01384a36": {
    "asset": 1507880085000,
    "meta": 1513576387000,
    "relativePath": "prefab/particlesystem.prefab"
  },
  "5965ffac-69da-4b55-bcde-9225d0613c28": {
    "asset": 1507880085000,
    "meta": 1513576387000,
    "relativePath": "prefab/progressBar.prefab"
  },
  "4a37dd57-78cd-4cec-aad4-f11a73d12b63": {
    "asset": 1507880085000,
    "meta": 1513576387000,
    "relativePath": "prefab/richtext.prefab"
  },
  "32044bd2-481f-4cf1-a656-e2b2fb1594eb": {
    "asset": 1507880085000,
    "meta": 1513576387000,
    "relativePath": "prefab/scrollview.prefab"
  },
  "0004d1cf-a0ad-47d8-ab17-34d3db9d35a3": {
    "asset": 1507880085000,
    "meta": 1513576387000,
    "relativePath": "prefab/slider.prefab"
  },
  "1f55e3be-b89b-4b79-88de-47fd31018044": {
    "asset": 1507880085000,
    "meta": 1513576387000,
    "relativePath": "prefab/sprite_splash.prefab"
  },
  "96083d03-c332-4a3f-9386-d03e2d19e8ee": {
    "asset": 1507880085000,
    "meta": 1513576387000,
    "relativePath": "prefab/sprite.prefab"
  },
  "7de03a80-4457-438d-95a7-3e7cdffd6086": {
    "asset": 1507880085000,
    "meta": 1513576387000,
    "relativePath": "prefab/tiledmap.prefab"
  },
  "0d784963-d024-4ea6-a7db-03be0ad63010": {
    "asset": 1507880085000,
    "meta": 1513576387000,
    "relativePath": "prefab/toggle.prefab"
  },
  "bf0a434c-84dd-4a8e-a08a-7a36f180cc75": {
    "asset": 1507880085000,
    "meta": 1513576387000,
    "relativePath": "prefab/toggleGroup.prefab"
  },
  "232d2782-c4bd-4bb4-9e01-909f03d6d3b9": {
    "asset": 1507880085000,
    "meta": 1513576387000,
    "relativePath": "prefab/videoplayer.prefab"
  },
  "8c5001fd-07ee-4a4b-a8a0-63e15195e94d": {
    "asset": 1507880085000,
    "meta": 1513576387000,
    "relativePath": "prefab/webview.prefab"
  },
  "23cc1344-faa4-4fc2-b044-5a8d46a43e75": {
    "asset": 1513575646000,
    "meta": 1513575649000,
    "relativePath": "scripts/Network.js"
  }
}