{
  "__type__": "cc.AnimationClip",
  "_name": "listen",
  "_objFlags": 0,
  "_rawFiles": null,
  "_duration": 0.7333333333333333,
  "sample": 60,
  "speed": 1,
  "wrapMode": 2,
  "curveData": {
    "props": {
      "y": []
    },
    "paths": {
      "fuhao1@2x": {
        "props": {
          "y": [
            {
              "frame": 0,
              "value": 564
            },
            {
              "frame": 0.36666666666666664,
              "value": 612
            },
            {
              "frame": 0.7333333333333333,
              "value": 564
            }
          ],
          "rotation": [
            {
              "frame": 0,
              "value": 0
            },
            {
              "frame": 0.36666666666666664,
              "value": -28
            },
            {
              "frame": 0.7333333333333333,
              "value": 0
            }
          ]
        }
      },
      "fuhao2@2x": {
        "props": {
          "scaleY": [],
          "y": [
            {
              "frame": 0,
              "value": 628
            },
            {
              "frame": 0.4166666666666667,
              "value": 557
            },
            {
              "frame": 0.7333333333333333,
              "value": 628
            }
          ],
          "rotation": [
            {
              "frame": 0.016666666666666666,
              "value": 0
            },
            {
              "frame": 0.36666666666666664,
              "value": -17
            },
            {
              "frame": 0.7333333333333333,
              "value": 0
            }
          ]
        }
      },
      "fuhao3@2x": {
        "props": {
          "y": [
            {
              "frame": 0,
              "value": 644
            },
            {
              "frame": 0.3,
              "value": 664
            },
            {
              "frame": 0.7333333333333333,
              "value": 644
            }
          ],
          "rotation": [
            {
              "frame": 0,
              "value": 0
            },
            {
              "frame": 0.4,
              "value": 24
            },
            {
              "frame": 0.7333333333333333,
              "value": 0
            }
          ]
        }
      },
      "fuhao4@2x": {
        "props": {
          "y": [
            {
              "frame": 0,
              "value": 600
            },
            {
              "frame": 0.1,
              "value": 592.4009727272618
            },
            {
              "frame": 0.36666666666666664,
              "value": 573
            },
            {
              "frame": 0.7333333333333333,
              "value": 600
            }
          ]
        }
      },
      "fuhao5@2x": {
        "props": {
          "y": [
            {
              "frame": 0,
              "value": 634
            },
            {
              "frame": 0.26666666666666666,
              "value": 670
            },
            {
              "frame": 0.7333333333333333,
              "value": 634
            }
          ],
          "scaleY": [
            {
              "frame": 0,
              "value": 1
            },
            {
              "frame": 0.35,
              "value": 0.87
            },
            {
              "frame": 0.7333333333333333,
              "value": 1
            }
          ]
        }
      },
      "fuhao6@2x": {
        "props": {
          "y": [
            {
              "frame": 0,
              "value": 614
            },
            {
              "frame": 0.31666666666666665,
              "value": 565
            },
            {
              "frame": 0.7333333333333333,
              "value": 614
            }
          ],
          "rotation": [
            {
              "frame": 0,
              "value": 0
            },
            {
              "frame": 0.31666666666666665,
              "value": -39
            },
            {
              "frame": 0.7333333333333333,
              "value": 0
            }
          ]
        }
      },
      "fuhao7@2x": {
        "props": {
          "scaleY": [
            {
              "frame": 0,
              "value": 1
            },
            {
              "frame": 0.4666666666666667,
              "value": 0.83
            },
            {
              "frame": 0.7333333333333333,
              "value": 1
            }
          ],
          "y": [
            {
              "frame": 0,
              "value": 622
            },
            {
              "frame": 0.4666666666666667,
              "value": 592.7
            },
            {
              "frame": 0.7333333333333333,
              "value": 622
            }
          ]
        }
      },
      "fuhao8@2x": {
        "props": {
          "y": [
            {
              "frame": 0,
              "value": 589
            },
            {
              "frame": 0.38333333333333336,
              "value": 611.4
            },
            {
              "frame": 0.7333333333333333,
              "value": 589
            }
          ]
        }
      },
      "fuhao9@2x": {
        "props": {
          "y": [
            {
              "frame": 0,
              "value": 632
            },
            {
              "frame": 0.4666666666666667,
              "value": 588.9
            },
            {
              "frame": 0.7333333333333333,
              "value": 632
            }
          ],
          "rotation": [
            {
              "frame": 0,
              "value": 0
            },
            {
              "frame": 0.3,
              "value": 27
            },
            {
              "frame": 0.7333333333333333,
              "value": 0
            }
          ]
        }
      },
      "fuhao10@2x": {
        "props": {
          "y": [
            {
              "frame": 0,
              "value": 575
            },
            {
              "frame": 0.5166666666666667,
              "value": 601
            },
            {
              "frame": 0.7333333333333333,
              "value": 575
            }
          ],
          "rotation": [
            {
              "frame": 0,
              "value": 0
            },
            {
              "frame": 0.3,
              "value": -40
            },
            {
              "frame": 0.7333333333333333,
              "value": 0
            }
          ]
        }
      },
      "fuhao11@2x": {
        "props": {
          "y": [
            {
              "frame": 0,
              "value": 566
            },
            {
              "frame": 0.25,
              "value": 525.5
            },
            {
              "frame": 0.7333333333333333,
              "value": 566
            }
          ],
          "scaleY": [
            {
              "frame": 0,
              "value": 1
            },
            {
              "frame": 0.48333333333333334,
              "value": 0.86
            },
            {
              "frame": 0.7333333333333333,
              "value": 1
            }
          ]
        }
      },
      "fuhao12@2x": {
        "props": {
          "y": [
            {
              "frame": 0,
              "value": 606
            },
            {
              "frame": 0.35,
              "value": 649
            },
            {
              "frame": 0.7333333333333333,
              "value": 606
            }
          ]
        }
      },
      "fuhao13@2x": {
        "props": {
          "scaleY": [
            {
              "frame": 0,
              "value": 1
            },
            {
              "frame": 0.3333333333333333,
              "value": 0.85
            },
            {
              "frame": 0.7333333333333333,
              "value": 1
            }
          ],
          "y": [
            {
              "frame": 0,
              "value": 617
            },
            {
              "frame": 0.5,
              "value": 548
            },
            {
              "frame": 0.7333333333333333,
              "value": 617
            }
          ]
        }
      }
    }
  },
  "events": []
}